transaction_id,customer_id,order_id,receipt_invoice,transaction_method,transaction_date
332317,87696351,89330014,Yno-28111529,Bank Transfer,16/8/2020
865786,82757554,17999652,TOI-92454632,Bank Transfer,11/6/2020
833535,76391110,98870737,AOK-49076384,Credit Card,8/1/2023
671883,91750637,94440522,bwP-69080464,Bank Transfer,10/12/2021
468093,89164479,65387368,Gpk-89264959,Bank Transfer,13/10/2021
785979,55019874,59314372,OpN-72124078,Credit Card,4/6/2023
302672,639625,37292606,lmp-17729533,Credit Card,20/11/2021
421064,59878574,53321230,wHM-61646350,PayPal,5/11/2023
681643,78734798,51909352,Gqr-65704923,Credit Card,18/9/2021
896507,1501112,77012609,zYt-15294192,Bank Transfer,15/12/2022
645290,12405407,2378140,xGg-19600608,Bank Transfer,9/8/2022
923333,74106642,61515945,LUF-17321771,PayPal,14/11/2022
650078,23293126,93913172,CnP-03426727,Credit Card,25/7/2022
896858,40280925,32787468,YOJ-42344056,Bank Transfer,7/12/2023
836600,57739797,79686946,bPN-25165420,Credit Card,10/7/2020
503624,96558739,3517096,aka-96031480,PayPal,25/7/2021
783234,87533614,35621416,gEo-44553690,Credit Card,9/10/2020
599366,75509325,3389095,KHF-88180930,PayPal,19/9/2022
356547,8575435,58771718,mbM-50584995,PayPal,30/12/2023
904748,96778440,18382072,aYm-99467142,Bank Transfer,23/3/2021
746438,81166004,78239120,NHS-59200335,PayPal,9/8/2023
842151,4374438,32972135,wUq-06697672,Bank Transfer,23/8/2020
847013,20457333,15751948,EBK-26907758,Credit Card,27/10/2021
539628,3088299,81274876,dOl-05597143,PayPal,17/1/2022
971011,90445314,38980455,SNg-46271212,Bank Transfer,22/8/2022
485412,24460204,34189658,jix-64273520,Credit Card,29/9/2022
838703,89534453,97329027,ZhQ-28437116,Credit Card,26/6/2021
144433,12267203,96311301,pEf-37056086,PayPal,23/10/2023
252689,56208537,69686758,nrJ-76839616,Bank Transfer,16/11/2023
350781,27132729,6761466,QQq-38324703,PayPal,30/10/2020
862138,46783251,64361079,JNM-78667954,Credit Card,19/5/2022
690189,95860862,23748743,vAp-38010543,PayPal,14/4/2020
190327,47706396,22764329,yGY-15770276,Credit Card,3/8/2021
605172,57246185,31440021,GPw-26706043,Credit Card,15/9/2022
611810,85595948,34736877,pVi-26218987,PayPal,5/1/2022
902882,96794801,93240095,BWP-35635233,Credit Card,10/11/2022
480375,6860096,54364215,vRl-84921604,Credit Card,26/1/2020
103913,12645743,93122330,wwA-16434244,Credit Card,19/5/2023
412480,12012395,7348998,DDj-75152005,Credit Card,29/11/2021
567349,44300600,73649739,kpy-08612666,Bank Transfer,5/5/2023
832447,37411471,78837907,qDE-64578640,Credit Card,28/6/2023
372087,52567794,40706777,YRT-61940526,PayPal,5/11/2020
123751,16408302,62007892,vAZ-56319584,Credit Card,19/10/2020
835461,60882179,27577476,rch-53522739,Bank Transfer,3/10/2020
252257,63242509,38173835,KJa-21280196,Bank Transfer,11/2/2020
253047,83841145,88228254,ZLk-02189173,PayPal,22/8/2020
391385,31430062,52073883,AtF-81904967,Credit Card,7/3/2021
792790,58218200,24631667,wga-20676616,PayPal,3/10/2022
201086,57206320,75611551,dzL-50682150,Bank Transfer,8/9/2022
949650,61291840,30992678,DYc-20906354,PayPal,13/1/2023
438950,24633315,99742074,NNM-71631181,Credit Card,9/2/2021
560519,403636,41854631,zdY-78776637,Bank Transfer,3/10/2023
400045,82979001,62329687,FXT-62694782,Bank Transfer,8/3/2023
894101,29945909,85080821,kXk-72213973,PayPal,3/6/2022
387601,52032920,93619969,fAN-45419301,PayPal,4/5/2020
520884,67721118,1699543,QRt-24420038,PayPal,16/10/2023
433405,80633082,20542796,Ytn-82818533,Bank Transfer,11/1/2023
128749,7955981,30434217,SJh-85127595,Credit Card,14/3/2023
688090,41985669,442991,ndY-67421962,PayPal,17/1/2020
810736,50126148,64068117,sSb-69519336,Bank Transfer,22/5/2021
983343,6194590,19231768,uAB-74929635,Credit Card,6/2/2023
320256,30344570,40221212,GuP-02496436,PayPal,24/1/2021
512534,30134521,29171464,KRW-31017643,Bank Transfer,6/6/2021
181062,36081471,1451523,NqB-24920957,Credit Card,30/3/2023
731875,53923836,65984505,OaG-69207542,PayPal,23/6/2023
397123,25356690,90954678,fvB-62682769,Bank Transfer,1/11/2022
566206,55626154,71266599,UTH-91615585,Credit Card,4/3/2022
164436,2925052,94739747,zZs-67057033,Bank Transfer,8/4/2020
562062,94868185,88590412,uFX-12114276,Credit Card,6/9/2020
634292,84069850,92458986,itx-96804258,Credit Card,22/1/2023
613952,97378848,63334493,VSV-67056535,PayPal,27/11/2023
659211,23154316,40243953,ltR-54247767,Credit Card,17/6/2023
223823,29793802,42624768,KiX-69767669,Bank Transfer,22/8/2021
965829,55231748,42622752,yjs-69570624,PayPal,10/9/2020
532963,52155307,65100224,zFX-17304044,Credit Card,15/7/2021
190472,49376302,1165798,LYr-93600445,PayPal,13/1/2023
282972,63586435,66714579,mWo-87515360,PayPal,11/5/2021
983111,73568883,99044916,RDL-88047405,Credit Card,16/3/2020
702040,69397520,74787648,FDB-97195476,Credit Card,27/6/2021
705233,96855468,88645666,DQx-88675257,PayPal,14/7/2021
567601,86776586,77107235,iIe-57150224,Credit Card,18/2/2022
199695,9949267,2772585,FrN-08592242,Credit Card,20/10/2022
427048,62624741,88662517,goe-70937004,Bank Transfer,2/12/2020
118028,65198623,16236144,PyF-83166822,Credit Card,6/9/2022
266786,35402241,90847977,kXT-90458371,Bank Transfer,24/1/2022
335560,92169391,26227106,cAi-02377812,PayPal,30/8/2023
948475,19921381,53948821,bWn-18064256,Credit Card,26/8/2022
986398,21897247,39498128,wNi-07989674,Credit Card,25/8/2020
473639,99913394,94350377,iGk-08115553,Bank Transfer,22/3/2021
637570,77812298,68092251,zjQ-62975377,Credit Card,19/9/2020
506693,32250532,42987318,UYH-42334079,PayPal,28/3/2023
991681,31348707,43332047,IOA-34189467,Bank Transfer,6/2/2020
500950,25393789,47534798,WqA-05733046,PayPal,6/12/2020
861599,97966726,6297463,oIU-27901989,PayPal,6/11/2023
438331,48497452,46035428,IEd-98660833,Bank Transfer,1/3/2022
243466,81988063,47384154,lno-99311193,PayPal,11/11/2022
226274,32237464,25644207,WKv-15192488,PayPal,27/9/2020
256087,44880543,4635291,xtf-85991681,PayPal,12/1/2020
880739,26076656,43428244,uZE-03783652,Bank Transfer,31/5/2021
508468,53191501,82941718,eMc-89715385,PayPal,27/8/2020
916273,51095335,77130265,bdU-29644580,Credit Card,23/11/2020
945275,27087845,78421295,AFs-36400860,PayPal,24/4/2020
816153,90404661,36263681,tst-04073140,Bank Transfer,16/5/2023
411631,78035090,33899405,UsB-31613732,Bank Transfer,2/5/2021
380113,44792920,47341808,Hrp-62330729,PayPal,18/2/2022
435460,30935197,77379849,LXz-37063178,PayPal,17/2/2022
563024,82393010,49859207,pQk-97218207,PayPal,26/8/2022
702917,28884460,69119377,rwO-72627244,Bank Transfer,2/6/2021
125357,58609835,17895266,flw-25589188,PayPal,17/10/2023
856490,34535590,3164532,tfn-27484057,Credit Card,29/5/2022
154878,52067759,48831743,ZWy-91061925,PayPal,10/5/2023
324972,82170465,74310175,zmo-76851239,PayPal,6/4/2020
703064,12777449,46653527,oPx-24127933,Credit Card,2/2/2020
252382,95775589,80597334,jcu-74808134,Bank Transfer,7/4/2022
822045,7554436,66752529,DnT-14852694,PayPal,10/4/2020
832588,79750363,77532232,OnX-45383162,Bank Transfer,13/12/2023
520870,61996142,15450456,HfC-93769865,Bank Transfer,6/10/2020
417298,54452612,82595833,Qjy-46102782,Bank Transfer,29/3/2020
312395,24235055,34757279,SNy-84591673,PayPal,13/2/2023
418884,70464881,8624130,TRf-76669936,PayPal,9/10/2023
788032,13254145,61342136,Otq-08469708,Bank Transfer,21/11/2023
383957,32646925,56339644,BMp-52211960,Bank Transfer,1/9/2020
624515,16447175,15715192,Hmn-10110835,PayPal,1/8/2022
378926,84286088,60639277,JkB-74924588,Credit Card,30/9/2020
928900,10518836,23994514,Okz-01695144,PayPal,19/10/2022
914773,69489910,47362229,uqw-89649997,Credit Card,19/3/2021
996611,76231473,7311941,qvi-07684255,PayPal,10/8/2021
257177,62114637,69520374,wny-75734447,Credit Card,3/7/2021
917054,27688761,68832251,qwA-63710654,Credit Card,12/9/2021
642760,6870729,22822245,tzA-77420439,PayPal,1/3/2023
525317,28726330,72006731,kfz-87354694,Credit Card,8/11/2020
379365,62498628,3292724,JJp-27981781,PayPal,9/8/2022
280958,9888068,94619520,cBK-37434212,Bank Transfer,15/10/2021
372255,34883090,36724655,KYn-00403377,Credit Card,31/3/2021
770528,45578251,73939553,eaK-86892333,PayPal,16/3/2020
969933,3288270,71159365,wkE-60062265,PayPal,16/9/2022
727439,37368733,72825077,Dux-32246336,Credit Card,29/2/2020
874581,21236715,6707128,QMz-97589583,Bank Transfer,14/9/2023
867216,27794106,20753387,oLF-16529198,Bank Transfer,30/7/2021
784543,60304044,61031680,wIL-40927360,Bank Transfer,1/1/2021
233410,1709468,3657457,Ifi-82470396,PayPal,16/10/2023
637522,76039819,37727218,vxe-52748653,PayPal,7/7/2023
755851,33717041,70042459,diJ-26170209,Credit Card,6/7/2021
360887,77104889,5091675,zkq-72626003,PayPal,9/3/2020
275571,32725697,99068315,hYX-68480992,PayPal,16/10/2021
214853,69331390,29947055,suk-05059117,Bank Transfer,3/8/2021
154906,38884396,60601923,xte-11216229,PayPal,18/1/2023
764639,32848514,88264944,yKp-46138736,Bank Transfer,29/5/2023
326180,18565163,91003480,Weq-83578262,Bank Transfer,13/2/2022
222426,83608621,8852925,SpN-14649283,Bank Transfer,3/10/2023
485063,53918509,33725155,AMs-40771442,Bank Transfer,14/1/2020
109375,77531061,29702714,MuU-27579163,Bank Transfer,19/6/2021
407381,49773005,2272205,Hrp-11195305,PayPal,13/12/2021
751343,44306724,53125442,Swf-66709696,Bank Transfer,25/5/2022
314706,76890288,18671899,vgg-34615395,PayPal,19/1/2020
267270,85813663,46101647,nyi-20752966,Credit Card,7/10/2022
216075,31116331,19269613,Fop-75081617,PayPal,28/5/2020
178948,8451778,74207405,wlI-74372111,PayPal,5/9/2022
459965,12688576,10619062,UZE-80040839,Credit Card,1/8/2021
268058,5908642,7496560,Kri-43870110,Credit Card,1/8/2021
167100,89868659,28960174,ujx-00475439,Credit Card,24/5/2022
272939,74211032,17928318,vfV-87376592,Bank Transfer,22/5/2021
392972,56746583,61719139,sGf-83994757,Bank Transfer,12/10/2022
946517,92462635,52476050,DbD-22425077,PayPal,19/7/2021
857149,32675716,92266461,yzi-36639528,Bank Transfer,28/7/2023
118615,45050679,96538737,mIe-96418069,PayPal,23/5/2020
228234,12646821,69683405,tlt-64335436,Credit Card,31/10/2023
103739,85239152,65388530,RaQ-15773615,Credit Card,17/7/2021
666830,47929633,3740401,czC-82191876,Bank Transfer,2/11/2023
879837,48096509,59304408,GDj-43566523,Credit Card,17/8/2020
198964,87913640,92015999,NYL-31087858,PayPal,16/2/2022
208073,70396611,64417318,VSc-84357485,PayPal,7/5/2023
746823,45451902,24747793,snT-72517805,PayPal,9/11/2023
281003,81419339,55177352,gxj-01283731,Bank Transfer,1/9/2022
310587,52443280,28042519,iyg-76715823,Credit Card,5/2/2022
394518,87952514,74506627,dtu-30937682,Bank Transfer,18/9/2023
997033,89107343,43331585,rVq-36263364,Credit Card,16/3/2020
131658,62081378,14622950,Psh-06399706,Bank Transfer,24/2/2023
300607,49549238,915860,ZqI-53934300,PayPal,22/7/2023
521450,72041555,3130129,Smu-58247211,Bank Transfer,26/4/2021
587254,76453185,63479563,uUb-73873575,Bank Transfer,3/6/2022
875942,28235579,66165699,upF-47615037,Credit Card,2/5/2023
274952,78987980,2318251,BfQ-22630241,Credit Card,14/6/2022
389401,1819017,99362953,FAe-47265498,Bank Transfer,15/4/2023
409334,34541773,52622975,SpW-32413805,Bank Transfer,13/2/2023
112954,11667858,12309295,GiO-89172063,Credit Card,28/1/2020
425558,46505038,27957760,ici-59630605,Bank Transfer,21/8/2021
206939,41176178,2937028,UaE-74486805,Bank Transfer,26/9/2020
242997,21678129,79926851,IcA-36618266,PayPal,17/8/2022
310946,9192158,86202132,zPc-51926942,PayPal,8/3/2021
189495,98845902,21772576,GDy-00425852,PayPal,3/10/2020
813948,91819255,83307369,zso-78899834,Credit Card,12/12/2020
687454,6943178,45371504,Gdp-12650344,Bank Transfer,12/12/2021
546627,41651811,7217206,zaC-88195301,PayPal,29/9/2022
962687,11095643,89366076,RNu-44640058,Bank Transfer,14/1/2022
752200,42174290,33873644,tMv-43703414,Bank Transfer,20/2/2023
833853,87379579,90282911,rcn-99465099,Credit Card,19/8/2021
381357,43974156,25580213,zAO-69791137,Credit Card,30/9/2023
249163,77153001,44238821,Hvi-83735940,PayPal,13/7/2023
791891,53638351,927844,Fid-34993815,Bank Transfer,17/7/2022
896497,88356916,85055954,GZC-16324758,Credit Card,16/4/2021
632517,76448481,5652967,yHL-98003005,Bank Transfer,10/12/2023
922343,5593847,86179856,ATi-66411894,Credit Card,13/4/2023
919628,97457252,87159184,ePd-25485920,PayPal,28/12/2020
778304,55137654,37088534,BKy-31526147,Credit Card,10/12/2020
569217,48600811,57701306,cmC-52693625,Bank Transfer,11/5/2020
491540,39885749,51211367,cpB-61405320,PayPal,12/5/2020
904728,9747337,92229152,vxs-35572859,Credit Card,23/9/2020
754512,25919325,25569597,HTa-98758528,Credit Card,2/10/2022
242651,68751071,45040302,oLJ-43663813,Credit Card,22/5/2022
163022,75509144,30723800,Vrc-18369344,PayPal,16/6/2022
217909,43342277,68114479,hzx-12889276,Bank Transfer,18/3/2023
194616,51956501,7491903,lUU-11184660,Bank Transfer,6/3/2021
112040,89723035,1395751,HCg-78474858,Bank Transfer,30/10/2023
172800,62735639,16410023,eoG-97298281,PayPal,14/1/2021
709181,25552267,94768144,Gjp-05791052,PayPal,5/5/2023
908385,19758720,4757508,CZz-53322851,PayPal,5/4/2020
634314,28563328,3314835,obT-29273005,PayPal,11/1/2020
852899,64525990,46224293,CsH-27545695,Credit Card,18/2/2023
732744,60789098,14050944,Nzu-34201998,PayPal,24/11/2021
675451,42168772,21827097,uVP-15761281,PayPal,13/4/2023
234707,49780503,70106844,IIf-28949881,Bank Transfer,10/7/2020
942676,97575569,61546724,Pkz-37665735,Bank Transfer,10/7/2022
199119,3394053,92872865,DBD-26501373,Bank Transfer,6/7/2020
981547,92295899,90428542,kMA-58432683,Bank Transfer,12/8/2021
433190,52387418,39357137,MIc-83357004,Bank Transfer,24/5/2021
900468,88608279,90549822,WHK-19532869,Bank Transfer,19/9/2022
994111,57700505,30768403,ZJT-45734359,Bank Transfer,14/12/2023
484780,85575412,63877063,xyK-34842477,Bank Transfer,23/9/2022
928079,56035419,3886832,OfC-95741259,Credit Card,29/10/2022
960097,90973905,9242788,DzW-92372214,Bank Transfer,17/6/2022
398234,21622167,82649745,xKR-90270119,Credit Card,4/11/2023
799340,19705887,89171506,DDw-25014021,Credit Card,16/12/2021
101203,27719362,6863842,sLr-86091986,Credit Card,28/3/2020
829998,53724486,1752740,QCA-95877460,PayPal,4/5/2020
219248,94481598,68017216,AQS-35880005,Bank Transfer,11/1/2021
354249,71435595,65057962,Sdx-10865342,PayPal,6/4/2020
427395,31841376,84935806,UnR-34500815,Credit Card,17/6/2022
867169,11984804,89817230,QNJ-80658986,PayPal,30/8/2021
469913,19361503,99195991,aXU-75365603,Credit Card,10/7/2021
538326,37559073,28334912,rJt-92410935,PayPal,25/8/2021
670902,58178282,84567650,BeS-55012478,PayPal,12/7/2022
303772,21477169,69480862,fPN-91667900,Credit Card,25/8/2021
115414,48791143,36973703,rBK-80909413,PayPal,22/5/2023
993967,19283721,29803090,wkg-75807186,Bank Transfer,4/12/2020
865909,54284631,69952746,rZg-91429890,Bank Transfer,1/11/2022
478642,12090737,40518613,dIf-36576810,Bank Transfer,24/8/2021
653474,10922253,76494812,val-32341310,PayPal,11/10/2022
821835,41965636,481988,KFi-41580890,Credit Card,28/6/2022
956655,33472584,31351766,hcA-10183941,Bank Transfer,29/11/2021
291816,3802680,46861283,yiz-59248774,Bank Transfer,3/8/2023
927413,75250706,87237659,uHi-37882158,Credit Card,21/2/2022
846327,38665889,18948450,Xbu-93222673,PayPal,20/4/2021
283827,66833978,38250677,xmL-67573619,Credit Card,28/9/2020
738291,40784315,36101119,lSc-11093030,Credit Card,21/9/2023
399159,70458248,17742849,Fky-34599882,PayPal,27/5/2023
757962,84061889,87590337,fAP-07755444,Credit Card,14/1/2021
261522,87877324,46273789,HRs-31036869,PayPal,3/2/2021
333621,98827586,87443261,tEq-76934870,Bank Transfer,3/4/2022
942503,23759747,76056611,ElA-65542574,Credit Card,26/11/2020
236873,87063187,82499537,Ecr-39867951,Bank Transfer,7/10/2021
528451,10844363,51253482,zMI-77387711,PayPal,2/5/2021
413025,80496824,69777987,WhB-50064674,PayPal,25/9/2020
753454,22011918,60450401,FiP-80017232,Credit Card,23/7/2022
987636,94086337,92291212,xaB-59227404,Credit Card,22/6/2021
481005,27169173,48245753,MhS-34248702,Bank Transfer,27/7/2020
902305,57980115,23028436,GPw-58743856,Credit Card,20/3/2020
627933,77587980,1727110,lTv-86392322,Bank Transfer,24/3/2020
922679,82378624,6171050,ooX-15386680,Bank Transfer,24/12/2022
599684,1850364,72937322,YzL-90270319,Bank Transfer,8/5/2020
418225,24078831,99512381,eXT-02291489,Credit Card,20/10/2021
848151,7891847,46510186,NpC-47903428,Bank Transfer,12/7/2023
223593,32826752,64733198,don-14352061,Bank Transfer,24/9/2023
534879,98751660,39879050,Lqy-37829267,Credit Card,18/1/2023
111658,5320604,35684759,MGg-14009652,PayPal,12/12/2021
349615,34244310,46371318,XXB-89314092,PayPal,4/12/2022
254632,42502879,24372153,Ngd-94595658,Bank Transfer,18/12/2021
754650,49021517,75559976,Lla-42589488,Credit Card,8/3/2022
303852,45387880,49459730,hfZ-40968412,PayPal,11/7/2023
354014,58019273,17529905,NJk-71904766,Bank Transfer,4/2/2022
448703,49232188,50255697,ySL-64101306,PayPal,23/7/2023
496483,27242862,17970226,mal-90291731,Bank Transfer,3/10/2022
436750,87737923,7392417,lwI-20163919,Credit Card,3/3/2020
508279,9196434,51025663,kpa-89009171,PayPal,24/4/2021
594938,96949595,64242824,DcY-09361054,PayPal,11/6/2020
788114,18099995,81696735,JKK-34800956,Bank Transfer,6/11/2020
658513,3881747,57039372,PDe-33933852,PayPal,19/2/2023
705241,70779958,45520513,fMB-98435012,Credit Card,28/4/2022
469044,87730334,94364505,DwI-87676664,Credit Card,19/9/2020
516730,66522578,84843842,FAL-11211803,Credit Card,7/11/2022
409804,97669653,75584516,llC-50777843,Bank Transfer,26/9/2020
948775,38140866,94313132,kwo-99001025,Bank Transfer,22/8/2021
102163,44845574,68314614,Dvq-07468668,PayPal,24/11/2023
625011,61561106,5868356,RXC-08647744,PayPal,21/3/2023
826580,43076345,63687327,UmC-26132502,PayPal,17/10/2023
276920,58579563,85146771,SEO-63428029,Credit Card,11/6/2021
304721,67953888,16595052,Ynp-32242519,Credit Card,9/5/2020
319642,86848377,22417782,tqv-94648788,Bank Transfer,17/4/2021
878924,14445547,72312262,wSZ-42413370,Credit Card,16/5/2023
553103,16156915,88182736,une-88583976,PayPal,4/4/2021
913991,14572053,46424272,vja-18946568,Credit Card,17/5/2023
487870,91184888,85483000,eLR-28350661,Credit Card,16/4/2020
745951,30335711,92749590,QUv-23361762,Credit Card,18/7/2023
233418,72907996,37582027,mrB-19368567,Bank Transfer,20/1/2020
472971,66331926,33158884,Utg-98161763,PayPal,5/11/2023
823136,53325976,64907029,SiY-06232210,PayPal,7/11/2020
201955,78486663,61491941,UMx-46510690,PayPal,29/10/2021
489118,15641660,84786513,RCJ-02760364,PayPal,21/11/2022
991894,53353452,51247381,LjR-79076514,Credit Card,7/2/2023
287835,96199796,49350080,gpW-71062152,Credit Card,16/10/2023
103754,5383807,70541202,iyT-62193310,Credit Card,11/11/2022
837736,80518629,21002612,wNQ-64854536,Bank Transfer,26/3/2022
229470,68789871,441599,GqD-74834828,PayPal,11/9/2022
782196,53122294,69546043,IIc-16631098,Credit Card,28/6/2022
120132,74349592,83229573,LEh-09043888,Credit Card,14/8/2023
599184,8229724,6380631,mbM-98888959,PayPal,10/4/2021
906886,7121581,13653237,pnC-27608858,Bank Transfer,10/6/2022
595693,58847401,80407666,RAC-93435819,PayPal,1/3/2023
494921,49006049,82703762,XmT-92362852,PayPal,23/3/2022
687829,80202193,28727156,vYF-05181880,PayPal,14/3/2021
180904,80859859,75826635,dIV-60404886,Credit Card,19/11/2022
441751,67803387,50313348,rCf-07821676,Credit Card,9/8/2022
510044,57819088,96437868,yLz-73389288,Bank Transfer,10/6/2022
417121,66223740,69803092,Xdr-70605341,PayPal,26/8/2020
155150,48873105,4582921,EWy-58211576,Credit Card,23/11/2021
769730,64041802,64919393,htM-21646935,Credit Card,14/4/2023
144259,77041531,54947246,oMv-73252392,Credit Card,16/9/2020
299270,74156406,56000085,AZO-92154739,Credit Card,3/5/2023
969662,67803634,84363209,kwj-98898476,PayPal,14/8/2023
194013,97139069,96284245,mbR-83156392,Bank Transfer,26/7/2023
168147,94833967,49601124,yGk-27985245,Bank Transfer,9/11/2023
251064,3870475,68179406,lCX-02945757,PayPal,12/8/2023
926121,77030687,13686925,Myi-15732306,Credit Card,5/11/2020
354885,17434,43709607,ZrR-40387862,Bank Transfer,4/6/2020
795576,30465295,90562552,cby-29457727,PayPal,4/2/2023
336179,68585184,94154612,tfV-06694349,Bank Transfer,15/12/2021
386910,58582,61926915,OJv-74671244,Bank Transfer,18/2/2021
446454,43701946,33836817,uDO-36176943,PayPal,13/3/2022
574729,80269158,72402507,FXq-16213582,PayPal,10/10/2021
703383,82336270,36581301,KMP-06013331,Bank Transfer,6/11/2020
803201,79060121,48193677,BMc-37422482,PayPal,27/7/2022
829260,83802123,99449578,fKV-82197871,Credit Card,5/11/2023
548774,30604821,4805413,ZdZ-12014965,PayPal,19/10/2023
857621,8414176,5540831,jJc-16653755,Bank Transfer,16/6/2020
161471,93137596,31950033,GSJ-28043202,Credit Card,12/7/2023
180186,35648243,92280837,QFb-69809403,PayPal,24/4/2021
184216,69524245,25414824,gAL-87309745,Bank Transfer,30/3/2022
939775,90241182,41391087,Eas-15504382,Credit Card,5/3/2022
919081,54011201,28928855,XtB-30061078,PayPal,2/5/2021
975804,45098592,8288765,NLR-93905019,Credit Card,23/11/2020
805645,87393993,3679503,brE-79978637,PayPal,30/10/2021
134604,44638534,80766637,WxN-29556202,PayPal,2/5/2020
359480,45986351,75873177,APY-60996587,Bank Transfer,30/10/2020
983323,24362226,9368192,bnL-37247035,Credit Card,1/5/2021
326702,45840261,32711765,xWF-10177775,Credit Card,3/1/2020
884694,49854948,42825029,mht-79893539,PayPal,23/2/2021
858677,99082687,47861699,KJr-04218907,Bank Transfer,22/4/2022
815943,91298134,74090856,zde-59671602,Credit Card,24/3/2022
566282,98960043,14952991,Fmv-08246726,PayPal,20/7/2020
998651,76245723,61786589,Cdi-94383221,Bank Transfer,10/3/2021
698589,48983798,69829529,dJU-93109846,Bank Transfer,9/7/2023
714038,96895492,47790161,qHT-57282732,Bank Transfer,21/3/2020
985386,21651802,56506589,mPR-88086846,PayPal,27/4/2020
304171,41837107,64535260,zCB-31085215,Credit Card,11/5/2023
559629,95132708,14977194,FcL-47265527,Bank Transfer,9/1/2022
468041,28626471,19716746,AgV-55979978,Bank Transfer,18/9/2022
892789,45937283,45847175,DVQ-54825733,PayPal,6/11/2023
227606,50257974,64572549,Vuu-71026816,PayPal,16/6/2022
529286,14357788,86853085,Tcp-83478460,PayPal,2/6/2020
266968,36151464,68117479,iMR-53889500,Bank Transfer,18/10/2023
480779,51511955,67388895,jyI-58180053,Credit Card,31/3/2023
728811,38923249,86610402,Gni-35750065,Bank Transfer,2/3/2020
533637,29621541,91824113,IRy-44502214,Credit Card,5/7/2023
173834,67875808,57822586,FcY-01352361,Credit Card,22/9/2022
458020,69697406,94106795,IYZ-76056815,PayPal,11/11/2023
123482,61574711,51049802,VDI-71506883,PayPal,23/11/2022
330863,83289665,69351327,Izx-92164065,Credit Card,19/11/2020
688478,72006954,40312436,lBl-93189667,Bank Transfer,4/2/2022
812671,13257458,58394731,TNI-58315410,PayPal,21/6/2021
575119,42100757,62587519,QaP-19206772,Credit Card,21/8/2022
826021,49748619,77472818,HxM-49408960,PayPal,9/4/2021
973855,90835678,22771952,rZl-60799326,Credit Card,17/3/2021
324498,84047612,3315524,oPF-51587580,PayPal,30/1/2020
552973,11208987,15542111,Nis-32447250,Bank Transfer,17/9/2021
419221,80590602,65524117,Rdp-21660668,PayPal,25/5/2023
255555,34476059,79294424,MxQ-46838757,PayPal,25/9/2022
293512,39782738,39490060,Wfw-24432683,PayPal,26/8/2022
901166,5998701,50711319,JTj-09671527,Bank Transfer,21/4/2022
416523,87495017,93546119,Feq-09882436,Bank Transfer,5/8/2020
669670,27428833,30221424,wBq-52615626,Bank Transfer,31/5/2022
390321,24750687,86028899,AEp-23877179,PayPal,20/8/2023
412260,68909524,49757772,Dzc-94791124,Bank Transfer,18/10/2021
662849,90797965,72981150,gYY-58527160,Bank Transfer,16/3/2023
505703,15321017,90702526,tYB-33197850,Credit Card,24/10/2022
652164,51092966,9058772,Buf-08384316,PayPal,16/4/2022
495464,71217599,89004822,xcr-45251885,PayPal,27/1/2022
202671,10232022,27640843,gtD-96041584,PayPal,31/12/2020
486523,22927537,80435684,qXZ-35217365,PayPal,10/6/2020
327786,54888648,90563002,CGp-91126415,Credit Card,12/12/2021
569325,71664147,20618287,kOL-02140071,Bank Transfer,6/12/2022
973600,49216990,87807214,Zbv-71235012,Credit Card,31/7/2022
655135,10326331,87114413,tOJ-19926710,Bank Transfer,15/1/2023
737055,89806612,84920578,cjA-36051014,Credit Card,4/5/2020
626289,58533673,65367548,orJ-55266676,Bank Transfer,18/7/2021
851443,48331714,98509050,Nil-97746983,PayPal,22/5/2022
470216,28697666,60341662,Iya-23800900,Bank Transfer,31/7/2022
572696,48141587,48543657,LqE-45774411,Credit Card,11/1/2023
238470,39524742,63480275,pcF-65419799,PayPal,23/7/2020
616074,900251,89486900,bFZ-96073547,Bank Transfer,19/5/2021
793647,14834627,20666044,PHO-42660581,Credit Card,10/11/2020
950981,51026313,67338040,FST-81816797,Credit Card,6/7/2020
993551,27938051,28203432,aGK-42252921,Bank Transfer,7/10/2021
665190,16855307,957676,sVY-26220451,PayPal,1/10/2021
233275,5159761,50920515,GMZ-99393252,PayPal,17/7/2022
940461,92668443,50848390,YMX-63849160,Bank Transfer,15/11/2021
898210,3766287,23568438,Wiq-38648386,Credit Card,5/8/2022
385455,96335831,52384013,EuH-92598906,Bank Transfer,2/5/2021
364327,14853002,90631495,sbf-93620592,Bank Transfer,14/2/2022
934649,47736317,7808024,mpr-52111108,Bank Transfer,10/8/2023
658123,64250982,85916120,tWd-43584642,Bank Transfer,2/4/2023
168669,33212511,20807540,PoX-50861996,Credit Card,30/3/2020
180983,29048445,93811481,VBF-66962546,Bank Transfer,4/8/2020
961191,88220861,7948817,sYx-73963861,Credit Card,21/7/2022
964899,29487277,79920881,wda-41982535,Bank Transfer,27/6/2020
209286,6627232,22020680,Vno-65967855,PayPal,2/4/2021
639695,73785041,89311696,rVO-92975995,Bank Transfer,11/4/2021
747243,39051885,64361992,scn-87409574,Credit Card,13/11/2023
348672,34959677,55137493,xFx-05467390,Bank Transfer,17/3/2020
910064,6445660,27157742,FfJ-59335831,PayPal,29/5/2022
821461,87412635,63348791,aNj-25736824,PayPal,14/5/2020
269806,60059646,79544418,diH-48959639,Bank Transfer,12/11/2020
889254,69189074,79222272,tam-73106679,Bank Transfer,5/6/2020
741350,29764431,49382924,Hah-09217737,PayPal,6/4/2020
214926,2411624,26547998,itk-36579042,PayPal,8/7/2021
136223,34713608,33735097,isX-06037739,PayPal,7/1/2020
908822,71565222,11137284,xYv-07874176,PayPal,5/1/2021
376271,43621892,77095721,OnJ-17377206,PayPal,27/9/2022
106652,10770778,84735164,jTt-99869451,Bank Transfer,5/2/2022
309362,66495619,61586140,eUO-65475549,Bank Transfer,19/12/2020
755753,79002867,30234579,SQd-48414728,Credit Card,29/6/2020
989776,75323989,53008391,nvh-99423917,Bank Transfer,10/5/2021
728389,5722188,88219887,VPr-21757785,Bank Transfer,10/1/2021
748128,46777175,57728048,tBl-53982301,Credit Card,9/12/2022
423733,11301931,17114180,OcD-89747812,Credit Card,16/1/2023
754233,92603419,81438175,Ndu-64835692,Credit Card,5/4/2022
701718,25111702,17986954,UVc-90800109,Bank Transfer,8/12/2020
172973,29929245,22607385,cbm-81906544,Bank Transfer,29/3/2020
374919,55316891,21701772,Vmi-20457548,Credit Card,6/1/2023
412337,49132943,80755414,BmW-53098474,Credit Card,7/2/2020
941380,35428357,11494282,ucv-60472645,Credit Card,15/11/2021
887939,18350043,10176855,wHy-41057818,PayPal,3/5/2022
641238,9331674,93828163,opU-47103805,Credit Card,5/11/2020
878922,65638896,1257448,YOF-00601717,PayPal,17/3/2021
805119,69707946,37368816,CvE-63668352,Credit Card,2/8/2022
630269,79998089,36285884,Olm-64271533,PayPal,7/3/2020
565252,32018608,79415371,Ilx-05286181,Credit Card,5/5/2022
466882,77886394,81581899,Cqp-04846026,Credit Card,25/7/2021
128456,8180574,39992076,Ecy-04262838,Bank Transfer,22/9/2022
922324,86177838,29395284,sOr-87134019,Bank Transfer,19/5/2022
739910,36792787,18369572,QHe-62905556,PayPal,2/7/2023
148553,74060197,29392100,XPY-94240740,Bank Transfer,5/7/2020
736560,92115454,90519376,nVa-77269276,PayPal,25/8/2020
120758,20238954,66300330,Xkh-22493416,Credit Card,6/6/2022
708181,85146160,60603037,SGu-91166703,Credit Card,7/11/2020
913234,35604849,23048602,wsD-33647655,Credit Card,28/12/2020
725841,37292731,31465457,BrH-50126268,PayPal,4/8/2022
783887,1908533,23480130,UfD-08114177,Bank Transfer,12/5/2020
398933,54332861,70823809,RZS-79191482,PayPal,23/8/2023
336299,46856470,9539398,AMA-11955538,Bank Transfer,12/1/2022
848224,75217705,24487193,InH-78297115,Credit Card,31/1/2022
561110,83255898,57356108,hEv-73677314,Bank Transfer,10/3/2023
637259,83410562,98153389,gRg-18597953,Credit Card,2/4/2021
413277,1514137,91163763,XTT-10845824,Bank Transfer,2/2/2023
670412,97563734,87764786,hwE-07849830,Bank Transfer,1/10/2022
183845,18183191,1202888,hUs-90302574,Bank Transfer,8/10/2021
729598,35284823,47661988,eIa-27861670,Bank Transfer,1/3/2022
770499,59060464,74860955,aqU-53000998,Bank Transfer,19/3/2020
575904,88734258,4327307,FuB-12213963,Bank Transfer,2/2/2023
830150,60222250,98201593,rTw-59267597,Credit Card,9/10/2023
868557,7284214,16987091,vml-11014197,PayPal,8/4/2020
878090,20075067,98069434,SQD-86509187,PayPal,30/9/2023
227497,87209441,10533089,kqn-61315107,PayPal,21/7/2021
383311,95453259,56616257,HdE-91353644,Bank Transfer,20/7/2023
993254,9644408,16899006,MOp-73097008,Credit Card,25/1/2021
454621,37089737,17159844,gMA-61882281,Credit Card,10/7/2020
120315,81676283,64026298,kBj-82603529,Credit Card,17/9/2022
302621,68383201,36223144,wTP-44632332,Bank Transfer,26/2/2022
772055,83993809,24984944,jnn-23493746,Bank Transfer,20/6/2022
444284,3728029,45092308,zdj-13545044,Bank Transfer,2/9/2023
255422,41737622,87372548,JHQ-53625373,PayPal,3/6/2020
142013,39491564,77831170,lCG-85622050,Bank Transfer,4/4/2020
982329,25542085,91386564,odi-64305394,PayPal,27/7/2021
989303,35723736,75937186,Mlm-06789996,PayPal,14/5/2022
506427,94899440,16216346,BYY-91591056,Bank Transfer,2/9/2020
468474,97599656,33176213,ESr-95437912,Credit Card,19/8/2023
423017,44063600,28517562,AGL-43237214,PayPal,27/11/2022
813231,13620337,22731849,crf-42800352,PayPal,3/2/2021
389283,40791690,3708290,Rkn-41292207,Credit Card,16/2/2022
980386,58082702,92528428,FGO-16723366,Credit Card,7/3/2021
233311,64802192,85222025,Kaz-07919358,PayPal,14/2/2022
862110,83101727,42550292,vYg-46119704,Credit Card,10/6/2023
333425,34824744,80105707,qyL-45910485,Credit Card,28/3/2023
482452,1979689,22794243,fIe-67997766,Bank Transfer,23/10/2022
411156,2598650,29343642,Imv-98897559,Credit Card,10/4/2023
279474,94064654,98510546,MON-67712698,Bank Transfer,14/8/2021
270340,74876251,19756743,uwm-10972402,Credit Card,5/7/2020
238611,22587199,99080704,WEn-32300854,Credit Card,21/6/2022
795844,26531598,12775863,qJP-64593253,Bank Transfer,29/8/2023
598666,266836,31999065,ttL-73277742,PayPal,16/12/2023
778753,12773007,6463299,gcb-13742222,Bank Transfer,26/2/2021
919867,68559421,21915035,kBC-02159922,Bank Transfer,30/12/2023
966615,21593470,18478061,VVo-92889315,Credit Card,20/6/2023
396555,78100920,47126210,qGY-83638259,Bank Transfer,17/3/2023
888377,81398245,39483948,pGS-43548385,PayPal,12/8/2020
853888,60532592,23067107,IDF-63296496,Bank Transfer,15/11/2020
373869,30775336,89522622,Jsy-10058130,Bank Transfer,17/7/2022
175378,28412251,81698546,Hwm-86495972,Credit Card,8/9/2020
994253,72920949,15508602,WYI-46433560,Bank Transfer,29/5/2023
266946,38252159,7885850,BXn-97910990,Credit Card,7/4/2023
364567,27385860,98940784,aOR-75899786,PayPal,24/9/2020
589486,72691095,70025580,Xtv-87781792,Bank Transfer,18/4/2020
715816,78270464,86086901,SBF-47798481,PayPal,28/1/2020
624053,3419385,53383964,PIA-54779160,Bank Transfer,1/8/2022
423184,3107257,68479440,wtR-78289220,PayPal,15/8/2022
619229,45162277,70114071,Vmb-39712225,PayPal,19/12/2021
325404,87803790,21298124,FNK-30932884,PayPal,28/1/2022
131954,6917514,28813693,xzq-72138016,Bank Transfer,28/12/2021
763264,92462108,1546266,SuY-49321370,Credit Card,3/5/2023
180903,5752084,97320509,qHz-89701511,Credit Card,17/1/2020
783432,68818921,13166836,gfj-75941580,PayPal,6/2/2023
925770,96910047,39768493,bjt-69961035,Bank Transfer,4/9/2020
717317,83571033,49548328,Axg-25401908,Credit Card,22/1/2022
671056,20504036,53828,jba-56949573,PayPal,4/10/2023
106026,24031543,23971654,YNA-17581966,Bank Transfer,10/4/2023
569950,9460909,18876479,zuD-37989907,PayPal,13/12/2022
346387,53256289,28942101,aQg-07982055,PayPal,12/7/2023
105395,63738873,41478928,bPD-07926262,Bank Transfer,13/11/2021
728701,76927429,86581179,vWk-63715874,PayPal,7/4/2021
517948,9822014,89066689,Gkz-97912053,PayPal,1/1/2023
332640,23804837,92955992,aXt-80002366,Bank Transfer,8/11/2023
741263,15048971,73845091,DVS-13926578,PayPal,3/12/2020
784853,4435399,94491694,TXZ-60544262,PayPal,19/10/2021
717591,18345766,71497690,kPm-08590862,Credit Card,21/1/2023
942570,40679331,13480726,bID-34382420,Bank Transfer,24/11/2022
337062,87603620,48087151,fHo-85353973,PayPal,3/1/2022
988758,29901310,75169529,bJY-81153586,Credit Card,16/10/2020
319583,63824322,11035424,Mma-25891593,Credit Card,27/11/2021
941341,88140644,63917910,dwK-42545417,Credit Card,19/2/2020
797747,54344551,48845574,BRW-81077149,Bank Transfer,19/8/2020
488557,53893267,68545050,qGR-92378612,Credit Card,4/5/2022
708767,60857154,2104407,Lyh-00590272,PayPal,7/10/2023
979403,41907838,35985868,hQx-24841808,PayPal,27/3/2021
726239,51457059,64303781,klB-91413306,Credit Card,27/6/2022
796068,8121676,86884280,EWH-77776710,Bank Transfer,15/5/2021
351919,84301628,96393892,grq-67945912,PayPal,8/5/2021
781453,68484169,66323367,Oqb-40452846,PayPal,20/8/2022
751617,79636833,87544293,zwB-56914555,PayPal,26/11/2023
888096,47210282,78460914,gAh-85453422,Bank Transfer,5/6/2020
719520,72752085,36242322,Hze-83170772,Bank Transfer,7/11/2020
238999,28115224,26341863,ZEI-28986661,Bank Transfer,31/10/2020
157285,55541757,67801737,OeU-35330886,Bank Transfer,29/4/2022
488814,5055418,72230482,Gro-45263955,Credit Card,25/2/2023
558878,37747845,70201723,AFM-56193209,Bank Transfer,23/7/2021
386654,34162821,33232670,ppT-96916618,PayPal,21/5/2021
883182,38816333,79768536,uEW-76803218,Credit Card,21/11/2023
671309,27314146,970689,sUp-67393055,Bank Transfer,27/1/2022
977817,12301685,79204309,Grj-30140712,PayPal,14/7/2020
590148,89720398,65274956,hzH-64867082,PayPal,19/3/2021
520455,35941123,30424334,tXn-66486249,Bank Transfer,27/12/2020
278588,28078763,96670358,fUY-02527936,PayPal,7/3/2023
182651,16030008,836350,KVM-97806921,Bank Transfer,8/12/2020
830535,4752649,82287306,ggj-81232682,Credit Card,11/11/2022
570210,19232563,5264250,eGb-11942563,Bank Transfer,25/9/2023
538313,90962684,5480490,sTW-79790740,PayPal,5/4/2022
952133,86194631,25638084,JQr-74845792,PayPal,27/11/2020
697280,4926506,25672508,iiq-44759960,Bank Transfer,6/9/2023
811507,68659773,64110935,IUC-81863282,PayPal,15/3/2020
458394,53257419,72497686,BDS-80716259,Bank Transfer,30/8/2023
357541,66116169,34313000,iTO-56444271,Credit Card,7/2/2023
384636,84872555,20527193,cGZ-92374361,Bank Transfer,14/2/2023
716722,86515174,38388096,nax-48418890,Credit Card,26/3/2022
529474,62392886,38399894,WMr-02611807,Credit Card,8/3/2023
884309,69134707,95411335,QmX-95295120,Bank Transfer,4/6/2021
606859,36117220,62100520,TpR-83786248,Bank Transfer,13/5/2020
519299,32225244,15014830,PLO-22946942,PayPal,4/6/2020
468784,53017461,32332949,TlY-15813305,Credit Card,12/2/2022
979536,85550960,71755589,PNi-07013879,PayPal,15/12/2023
806155,38776041,82707743,BdR-36471758,Bank Transfer,22/10/2022
544652,68137259,62744141,XrY-93648251,PayPal,13/12/2020
243843,33085689,78334252,gzN-13226486,Bank Transfer,30/12/2022
215015,79902422,55347329,Vxm-70185985,Credit Card,6/12/2023
603333,39021370,6955408,OEy-20382957,Credit Card,21/6/2020
775119,85165405,80239790,fES-25677769,Credit Card,18/12/2022
970701,11190238,11646435,BKE-58423845,PayPal,5/4/2021
393667,8281230,81521894,CVj-99517541,Credit Card,21/4/2023
919249,117811,43605201,jGX-57152632,Credit Card,10/11/2021
461487,57012192,93334209,xvv-86317294,Credit Card,7/7/2023
572255,10000539,42357352,Yrc-45766386,Credit Card,21/5/2021
283021,36008513,64508392,Opy-14166794,PayPal,15/9/2020
737332,84815671,7153497,fDN-92837115,Credit Card,2/3/2020
964762,43955842,92158377,DBw-44365532,PayPal,19/11/2022
642376,30966826,7219219,qKg-61114878,Credit Card,2/9/2021
636455,84318330,82130711,ula-09586587,Credit Card,22/3/2022
144420,94040136,61165821,HRG-64407020,PayPal,6/3/2021
657362,54568142,74596123,AaP-95114641,Credit Card,16/10/2022
144522,58827195,59820932,nMI-50717880,Credit Card,17/10/2023
242477,97444751,65159020,HbA-39964737,Bank Transfer,15/12/2020
473429,77239951,68886014,mUa-15482911,Bank Transfer,29/1/2022
583893,24208385,42986220,Qpj-14406638,Credit Card,16/9/2023
844827,19967108,13010968,AhI-15031757,PayPal,24/4/2023
214572,93333492,11702817,evi-96670346,PayPal,2/10/2022
602507,48562721,54844377,hBt-31063756,Bank Transfer,13/12/2021
454278,62215200,72973581,Enh-07679138,Bank Transfer,2/3/2023
529075,81747051,77672091,OKS-52703400,PayPal,24/3/2021
849153,53532489,16191643,OwW-05638613,Bank Transfer,22/2/2020
826326,9265544,27852421,qtY-19727066,Credit Card,18/7/2020
350918,47484778,28348678,XZU-60788727,Credit Card,23/9/2023
190431,6030194,30288248,slx-18920967,Bank Transfer,30/1/2021
237414,82716648,99205163,Ulk-02068348,PayPal,12/6/2020
523216,45357408,98093447,bgV-38710017,PayPal,13/5/2021
179552,89232368,32063264,nxr-05234619,PayPal,5/2/2021
793953,87258745,42896217,uNW-07313692,PayPal,13/2/2022
737311,28478921,2001446,AHQ-21859503,PayPal,27/1/2022
439539,11310620,26707840,kfi-63525904,Bank Transfer,8/5/2022
947388,7770806,43739591,ETM-86379594,PayPal,13/12/2023
893050,90030704,42433016,vry-47757498,Bank Transfer,5/7/2021
720945,31767053,46791924,BOw-51535419,Bank Transfer,14/1/2022
715922,65633818,50089342,mwt-36941020,Credit Card,12/4/2020
786673,73825557,33356616,Rdx-57422894,Credit Card,22/9/2023