order_detail_id,order_id,product_id,product_price,order_quantity,shipping_Address,city,postcode
24450170,89330014,59905432,40.92,1,1 Nigel tunnel,London,E7W 9NH
98901378,17999652,74049637,18.33,4,Flat 2,Edinburgh,N25 6AW
14000023,98870737,25230208,897.03,4,Studio 5,Cardiff,L3G 9RS
37296800,94440522,67083715,25.61,1,361 Lorraine path,Belfast,RG12 7ZD
88277379,65387368,93397593,5.01,3,Studio 0,Manchester,E37 6XU
67323696,59314372,43101626,30.74,1,147 Lynda lake,Birmingham,HU44 6SN
44526418,37292606,87951673,91.72,2,Flat 41i,Glasgow,L0 2PE
99444859,53321230,04121192,35.9,4,39 Morrison trail,Liverpool,E2 7FS
71342545,51909352,20593375,16.56,3,Studio 96B,Bristol,L30 2WL
84172313,77012609,86223680,131.7,3,6 Morgan station,Newcastle,TF3 9TN
67146737,02378140,69894676,15.28,3,1 Smith view,London,CV6 6NH
3818536,61515945,44698588,63.92,3,Flat 73,Edinburgh,BT4W 1FP
72762067,93913172,66951063,794.28,4,Studio 9,Cardiff,RH67 9FL
89849333,32787468,48444593,48.53,4,Flat 37S,Belfast,WF2H 3ZH
71547189,79686946,21777653,47.31,4,78 Davis dam,Manchester,L1U 8HD
57871699,03517096,59817651,11.04,1,Flat 5,Birmingham,AL00 5HZ
61806535,35621416,45308851,79.57,3,Flat 2,Glasgow,NG85 5XN
12635776,03389095,73887935,61.47,1,19 Cunningham field,Liverpool,WC36 6ZL
42383718,58771718,16221641,47.99,3,620 Joe crescent,Bristol,L7K 3LS
3960235,18382072,34384073,25.9,1,Flat 0,Newcastle,BA46 8ZX
18521900,78239120,32201138,20.67,3,Studio 2,London,CB6 0DJ
33626189,32972135,62201054,30.29,4,32 Lamb gardens,Edinburgh,TQ57 7YZ
91777365,15751948,70526231,49.61,2,092 Joan lock,Cardiff,WD0A 3PP
11632570,81274876,64062315,832.06,1,Flat 33Q,Belfast,N86 9SX
10718845,38980455,10915900,13.81,2,Studio 3,Manchester,B5D 0QU
35011933,34189658,48444593,48.53,4,1 Watts locks,Birmingham,UB6M 1DU
68766081,97329027,73781933,16.72,3,Flat 0,Glasgow,B1 7GS
16884405,96311301,29041118,12.49,2,Studio 34P,Liverpool,L42 4HA
70904550,69686758,74049637,18.33,3,Flat 6,Bristol,SG2E 9EW
51284689,06761466,96594043,580.44,3,0 Benson trail,Newcastle,N7F 8DL
83104412,64361079,71602929,11.22,4,07 Christine mountain,London,CB66 5HH
35008194,23748743,43240521,82.98,1,72 Josephine circle,Edinburgh,IM1 3ND
53031819,22764329,48444593,48.53,3,701 Bethan drives,Cardiff,SE1 6TX
33085154,31440021,16487613,17.49,4,Flat 19,Belfast,PR20 1WP
57069945,34736877,93586706,162.45,3,Studio 7,Manchester,OL7 2FS
93466785,93240095,59817651,11.04,4,78 Holden rapid,Birmingham,KT9 0SU
68212385,54364215,61517154,984.92,4,Studio 1,Glasgow,PH1 2BA
53943592,93122330,35739733,30.91,3,54 Chapman rapid,Liverpool,M4J 7JT
5468304,07348998,62975684,948.98,4,Flat 03T,Bristol,TF91 9QG
83507336,73649739,43823817,26.69,2,Flat 02,Newcastle,TD33 4UH
9188377,78837907,23988989,49.52,3,716 Ellis inlet,London,WC52 5PT
988280,40706777,93397593,5.01,2,053 Cooper run,Edinburgh,N3 6UT
77107887,62007892,68895358,99.03,4,Flat 6,Cardiff,B2 1AT
72344593,27577476,33353748,28.68,4,Flat 3,Belfast,W89 8JJ
82904979,38173835,53846489,342.68,4,Flat 72w,Manchester,CO8M 6HJ
34130539,88228254,98998293,20.86,1,Flat 3,Birmingham,M1A 1EZ
10461685,52073883,57644040,79.73,4,06 Hart spring,Glasgow,M9 3FW
6262864,24631667,64062315,832.06,3,Flat 06,Liverpool,TS62 7HU
11647966,75611551,53846489,342.68,3,759 Skinner gateway,Bristol,G24 9GU
3670835,31440021,44698588,63.92,1,Flat 7,Newcastle,PE5X 4GN
15857661,30992678,50586176,67.3,4,01 Kelly route,London,E1 7TL
55061670,99742074,79372634,38.98,3,Flat 61,Edinburgh,CW25 1NL
50892289,41854631,28955179,13.66,1,065 Simon landing,Cardiff,LS62 3RA
73917840,62329687,89839546,156.17,1,Studio 3,Belfast,EX6 2NX
38813751,85080821,83402982,31.38,3,62 Katie trace,Manchester,CT75 7JZ
15757097,93619969,23988989,49.52,3,Studio 4,Birmingham,S3 9BL
70691675,01699543,16487613,17.49,4,19 Leah islands,Glasgow,N59 6ZH
31168511,20542796,27643882,16.16,2,2 Jayne row,Liverpool,E61 1SR
49255131,30434217,74049637,18.33,3,Flat 48c,Bristol,NR6B 2SL
33104865,00442991,53895138,5.52,2,Flat 69H,Newcastle,SW9 7HP
48068367,64068117,94891449,75.72,2,1 Victoria motorway,London,L9 9XB
55677625,19231768,95327753,707.75,3,715 Roberts stravenue,Edinburgh,W92 5UD
52124608,40221212,56112656,27.12,2,Studio 90f,Cardiff,E4 1TU
66782385,93913172,98496356,45.18,3,Studio 51D,Belfast,N4A 8UA
67546962,29171464,87951673,91.72,1,Studio 14I,Manchester,E35 4RR
94186942,01451523,73239244,98.16,1,Flat 34P,Birmingham,DD0A 3GX
1510579,65984505,14529201,509.03,3,25 Cooper underpass,Glasgow,BD22 2BQ
78152650,90954678,69894676,15.28,3,Flat 21G,Liverpool,S5 9UH
92217910,71266599,36193499,16.76,2,Flat 33,Bristol,G7 1TJ
67697030,94739747,00237287,74.25,4,Flat 1,Newcastle,NP8 2AZ
41918939,88590412,61463942,48.97,2,Flat 1,London,S60 7YX
3516459,92458986,89839546,156.17,3,Studio 69v,Edinburgh,LL24 7AQ
63943307,63334493,57644040,79.73,3,Flat 29,Cardiff,CH0N 0ST
16725331,40243953,18703140,193.69,1,Flat 03,Belfast,W5A 1UN
74422005,42624768,90669708,73.89,4,Studio 41s,Manchester,L18 4FL
36222238,42622752,04057937,620.52,3,28 Wilson springs,Birmingham,LN5R 5YB
62539658,65100224,71602929,11.22,2,675 Kevin ways,Glasgow,LD6 0WY
76937408,01165798,71602929,11.22,1,35 Stephen ferry,Liverpool,S60 6ES
64804255,66714579,19797627,825.42,1,Studio 55Z,Bristol,LN21 3DS
16103815,99044916,56419948,50.48,4,5 Molly causeway,Newcastle,E2A 5RG
28441495,74787648,45060444,94.8,3,Flat 58,London,KA8Y 4TJ
29878855,88645666,45308851,79.57,1,221 Alice plain,Edinburgh,SM2 2GU
81388812,77107235,98998293,20.86,4,08 Ashleigh wells,Cardiff,BD4 7LW
37234510,02772585,99003221,31.51,4,89 Evans crossroad,Belfast,AL9X 1PY
8572685,88662517,86874196,27.55,3,1 Paige well,Manchester,GY9B 5XF
75623627,16236144,49377369,86.65,3,Studio 44,Birmingham,NN8Y 2JS
58465432,90847977,08414737,344.72,3,3 Barbara valleys,Glasgow,CW7E 1WL
4926555,26227106,67690961,41.31,3,2 Chapman viaduct,Liverpool,DE3 2YL
68709119,53948821,12847038,8.45,2,61 Damian squares,Bristol,G2 6RJ
86563779,39498128,75941240,13.58,2,Flat 92,Newcastle,CV3 0ER
3576773,94350377,76319599,50.92,4,Flat 2,London,KA4 9AU
5531254,68092251,87951673,91.72,3,Studio 00,Edinburgh,N5W 6QY
55211589,42987318,86006498,173.8,2,Studio 29C,Cardiff,B1 3LJ
9305777,43332047,44985813,92.63,1,5 Robin spurs,Belfast,FK25 0BA
21194117,47534798,58625962,94.2,3,Flat 2,Manchester,G47 4QX
86409131,23748743,12628369,20.5,2,14 Davies overpass,Birmingham,KA4N 3HE
31902136,06297463,00237287,74.25,2,Studio 0,Glasgow,BA36 1YX
76933397,46035428,76319599,50.92,4,Flat 30O,Liverpool,SR4E 5AG
15050242,47384154,17149009,85.05,3,Flat 8,Bristol,W1D 7NP
60977985,25644207,94412162,24.35,4,78 Shaw key,Newcastle,HG25 5BF
38635088,04635291,57644040,79.73,4,377 Adam station,London,N6 5ZT
81947849,43428244,34208577,747.27,2,595 Elliott gardens,Edinburgh,GY5A 9GD
69880011,82941718,19797627,825.42,1,8 Kim mountain,Cardiff,L3 8DP
64337509,77130265,29237240,76.84,2,2 Cook forks,Belfast,M9F 0AH
52183823,98870737,34572256,72.77,4,Studio 9,Manchester,M6 3PT
50818804,78421295,98998293,20.86,3,603 Ford cove,Birmingham,WN86 3YB
9672734,36263681,23988989,49.52,3,Flat 57E,Glasgow,L8A 8QQ
88951455,33899405,35632473,77.52,3,733 King oval,Liverpool,HA5A 1JX
16313282,47341808,76319599,50.92,4,Flat 75v,Bristol,S8 0TA
15128828,77379849,20593375,16.56,3,Studio 1,Newcastle,G4 5ZU
17067815,49859207,58625962,94.2,4,8 Ian street,London,E0 1TA
42919959,69119377,67690961,41.31,2,5 Jay forge,Edinburgh,HU72 1DJ
34239115,17895266,98751200,44.27,4,86 Goddard lodge,Cardiff,G6 9SR
74577259,03164532,22906821,45.81,2,Flat 2,Belfast,WN4 9HB
92868855,48831743,10688163,61.63,4,Flat 42I,Manchester,G2 6WW
7143612,74310175,73781933,16.72,4,Flat 11,Birmingham,B39 5TY
12795709,42987318,93586706,162.45,1,307 Charlotte garden,Glasgow,B9 7TU
2198825,46653527,46277374,34.21,3,Flat 4,Liverpool,E3H 3RL
35632471,80597334,33153025,23.01,4,435 Richard green,Bristol,AB4E 9RN
79519263,66752529,45793289,31.37,3,Flat 55,Newcastle,L81 7QQ
37163614,77532232,96534941,484.88,2,05 Caroline fork,London,HX4Y 2LX
63492827,15450456,19321195,75.27,4,9 Hall run,Edinburgh,W7F 5UA
17083720,82595833,37028606,12.4,2,Studio 00,Cardiff,NP5E 8JD
85474392,65984505,32596846,7.73,3,12 White lake,Belfast,OL5 8XR
43282497,34757279,33748161,44.88,1,Studio 4,Manchester,RH49 9FL
68914026,08624130,94412162,24.35,3,Flat 92,Birmingham,N90 9UZ
45402153,61342136,75946515,35.53,3,Studio 95,Glasgow,NE0 3EJ
91523507,56339644,58625962,94.2,3,2 Chapman crossing,Liverpool,SE7P 4RQ
59638029,15715192,47833906,23.54,1,277 Dawson forks,Bristol,B0 5YJ
72549050,60639277,73781933,16.72,3,Flat 2,Newcastle,JE16 8BL
28123375,23994514,41700920,908.66,2,2 Edward gardens,London,SN0N 4PG
99639202,47362229,06424744,8.4,2,Studio 94A,Edinburgh,DD80 6NL
17560628,07311941,62201054,30.29,1,Flat 32,Cardiff,RH82 8ZA
9568583,69520374,49377369,86.65,3,66 Dennis tunnel,Belfast,N67 6TG
78307230,68832251,57644040,79.73,4,Flat 5,Manchester,E6 4GW
46227738,22822245,20593375,16.56,1,Flat 7,Birmingham,BH8V 0XF
34724353,94440522,34142232,90.71,2,96 Jacqueline underpass,Glasgow,B2E 4TP
35696754,72006731,29041118,12.49,1,138 Bailey corners,Liverpool,E00 7AS
38730183,03292724,23988989,49.52,1,53 James forks,Bristol,N8 1JH
5797358,94619520,50586176,67.3,1,8 Mandy causeway,Newcastle,B1 8EZ
98032562,36724655,33068954,326.25,3,45 Christian meadows,London,W86 6WS
52639332,99044916,37992704,22.39,4,520 James rue,Edinburgh,W4B 5BR
34512608,73939553,44698588,63.92,4,732 Clarke heights,Cardiff,BN6 6YY
4605054,71159365,68195170,23.42,2,Studio 8,Belfast,G71 6WG
88403618,72825077,87481898,45.99,4,Studio 11,Manchester,LL6 9SR
52124648,06707128,58625962,94.2,2,Flat 46c,Birmingham,S31 0HN
96897219,20753387,77407910,37.76,2,0 Joanna harbor,Glasgow,JE7W 8ZH
76238952,61031680,68674913,86.36,4,Flat 60R,Liverpool,OL9 7GU
7753970,03657457,59817651,11.04,2,80 Phillips turnpike,Bristol,W25 3BL
94687015,37727218,95635827,61.45,2,6 Williams plaza,Newcastle,N03 0PR
81560596,70042459,93586706,162.45,1,Flat 5,London,DE5V 9LW
8189653,05091675,36102105,176.61,3,Flat 64,Edinburgh,OL1N 2NR
48769558,99068315,89571012,45.92,2,54 Richardson brooks,Cardiff,DG0 0ZR
45250439,29947055,63771881,24.4,2,469 Freeman rapid,Belfast,ZE5N 6SU
657955,60601923,57328235,27.85,1,Flat 81,Manchester,B6 4YJ
30522928,88264944,49377369,86.65,4,Flat 4,Birmingham,BS06 6QF
6678573,91003480,04057937,620.52,1,7 Albert circles,Glasgow,LA00 7SA
92807588,72825077,00237287,74.25,3,Flat 38,Liverpool,ST0 8HG
26663089,08852925,25230208,897.03,2,Studio 31,Bristol,L4 4JL
85048887,33725155,85027780,25.72,3,50 Cooper vista,Newcastle,BB54 9WY
44928267,29702714,14323341,11.62,1,Studio 50,London,TA6V 9WR
88501753,02272205,69781941,19.85,2,4 Hugh overpass,Edinburgh,E5E 6TP
94081963,15450456,68674913,86.36,2,Flat 1,Cardiff,W9D 2UU
8690747,53125442,98496356,45.18,2,Studio 72p,Belfast,SR62 1ZS
13896661,53125442,10688163,61.63,2,69 Jennifer parkway,Manchester,CM2 4NE
61757003,18671899,87951673,91.72,2,Flat 3,Birmingham,GY0V 4BF
56455067,46101647,49377369,86.65,3,Flat 2,Glasgow,S44 4LU
92364198,19269613,99003221,31.51,4,Flat 38n,Liverpool,L8E 7DF
96402794,74207405,49377369,86.65,3,5 Jake glens,Bristol,L0 0BE
96040925,90847977,18703140,193.69,2,19 Terence way,Newcastle,G95 2LA
55076635,10619062,60936185,89.37,2,1 Stephanie drives,London,DH4 0HS
53069036,07496560,93397593,5.01,1,Flat 43,Edinburgh,HD99 4QN
58133944,28960174,53895138,5.52,2,Flat 40q,Cardiff,W02 0XX
37866091,17928318,73781933,16.72,2,Studio 4,Belfast,G84 3DG
85115988,61719139,29041118,12.49,4,667 Amber road,Manchester,B1 4HS
24597610,52476050,63771881,24.4,3,Flat 89u,Birmingham,E6 8XP
87026568,92266461,73480194,36.59,3,Studio 8,Glasgow,CH9W 5EF
29403844,96538737,73480194,36.59,1,6 Wood shoals,Liverpool,HG8H 0EB
29242196,69683405,00632341,19.27,2,Studio 3,Bristol,N72 1NS
39952495,65388530,47952768,9.86,2,Studio 8,Newcastle,RH6 8ZT
43167897,03740401,68195170,23.42,1,9 Moore mews,London,BN62 4HQ
54127111,65984505,02475546,17.55,4,Studio 54j,Edinburgh,LA37 8NN
2649805,65388530,44459036,39.3,3,641 Davis street,Cardiff,N20 1QP
48582452,59304408,44459036,39.3,1,Flat 93R,Belfast,ML3 1TE
54932700,40243953,56518902,240.02,4,Studio 4,Manchester,CR7V 0PN
72274764,41854631,23324497,72.32,1,Flat 71i,Birmingham,DA55 2SU
64882322,92015999,34384073,25.9,2,036 Walsh ramp,Glasgow,G25 8FN
3107457,64417318,67105521,22.07,3,8 Lynne hills,Liverpool,W4 4JT
22929221,89330014,85052440,625.35,1,Flat 56s,Bristol,N3E 1PU
34410363,61515945,34384073,25.9,1,6 Luke burgs,Newcastle,L3 9TF
59105662,24747793,66850668,22.17,1,192 Preston stravenue,London,L7 1TP
58118603,55177352,09985188,27.97,3,65 Declan falls,Edinburgh,W7K 4EE
93294826,28042519,04057937,620.52,2,Flat 7,Cardiff,W8F 8DZ
97183360,74506627,77489036,59.65,2,Flat 2,Belfast,L82 5YP
29247324,43331585,62029885,38.51,1,Studio 38l,Manchester,SK4P 5TB
57054846,14622950,63970118,7.69,2,Flat 13,Birmingham,LA4N 2RG
62618386,00915860,62029885,38.51,2,58 Maurice divide,Glasgow,E6 2FE
26259,03130129,14842685,548.3,2,Studio 90,Liverpool,EN2P 4JW
17749755,63479563,16221641,47.99,4,686 Dixon common,Bristol,TN45 7RP
82728905,66165699,68388837,49.96,4,237 Walker fort,Newcastle,SS4H 0BQ
79568397,02318251,47724276,609.19,2,Studio 1,London,S7K 7ZU
2211455,99362953,69894676,15.28,1,92 Conor hill,Edinburgh,G5 1QF
97258970,52622975,46295787,14.18,2,Flat 7,Cardiff,IP94 2WR
39336017,12309295,03657114,72.8,2,Flat 5,Belfast,BL46 1LH
99245742,27957760,87951673,91.72,2,4 Oliver summit,Manchester,CV23 2HN
28296391,02937028,47724276,609.19,4,08 Lynda river,Birmingham,DN6P 3YU
16498290,17999652,33068954,326.25,3,Studio 47t,Glasgow,WS9M 5LA
76350419,79926851,41418131,31.73,1,1 Naomi pines,Liverpool,E8G 5TZ
79257137,56339644,41222412,9.07,1,Studio 33s,Bristol,EX73 6JZ
18111507,86202132,78814276,48.79,1,8 Summers crescent,Newcastle,EH36 6XX
71632419,21772576,49377369,86.65,2,50 Patel falls,London,HD8 3AN
9643515,83307369,02475546,17.55,1,Studio 77q,Edinburgh,L8C 1EX
85770589,45371504,34142232,90.71,4,6 Berry mall,Cardiff,N1W 7TB
70383307,66714579,96392838,64.14,1,98 King groves,Belfast,KT63 7QW
31558984,07217206,41607033,832.11,3,Flat 78,Manchester,SO9B 6BD
50436488,89366076,90716496,12.52,4,64 Clive orchard,Birmingham,E2A 6RR
25660611,33873644,82613014,115.06,4,Flat 07,Glasgow,SR3N 9ND
15013581,31440021,11460278,14.22,3,07 Kerr gardens,Liverpool,FK2 5UJ
13533233,90282911,17647971,96.14,1,6 Terry keys,Bristol,TD3N 6RW
58503646,25580213,77028385,567.5,1,531 Taylor extension,Newcastle,W32 3GL
42340311,44238821,71602929,11.22,2,Studio 6,London,RM3 3SS
71759722,00927844,87481898,45.99,3,70 Porter springs,Edinburgh,HD0 6WY
87536584,85055954,44698588,63.92,1,8 Richardson tunnel,Cardiff,NW8R 3WF
39827631,05652967,90208496,17.86,4,028 Davies skyway,Belfast,PR4N 4QL
60848895,86179856,59905432,40.92,3,Studio 9,Manchester,W9 2AR
19625683,87159184,95327753,707.75,2,Flat 7,Birmingham,E4 7YZ
20047496,37088534,47475558,80.83,3,Studio 36,Glasgow,PE5 0RL
4641314,57701306,95327753,707.75,3,493 Iain avenue,Liverpool,NP6 1UN
13586741,47341808,44459036,39.3,4,61 Alexander shoal,Bristol,DN6N 7UA
21563345,68832251,34416685,27.05,4,76 Williams isle,Newcastle,M27 2AE
51016076,32787468,80262685,54.48,1,Studio 92w,London,B8U 6DS
88765448,51211367,91748358,56.08,1,Studio 64V,Edinburgh,HA0H 3DJ
64876338,92229152,96594043,580.44,1,Flat 44,Cardiff,W49 2RH
78160440,96311301,53895138,5.52,3,Studio 6,Belfast,L4 3GP
82652175,25569597,56864779,717.73,2,Flat 5,Manchester,DD7E 3QJ
34408569,45040302,67690961,41.31,2,Flat 11s,Birmingham,DD6 1FL
40316422,37727218,86223680,131.7,2,602 Elaine ford,Glasgow,HX01 7PH
1826216,46035428,41418131,31.73,4,014 Hill lodge,Liverpool,IP32 2ZH
73747676,30723800,11623983,42.77,2,960 Peter way,Bristol,B1 1JE
78263299,68114479,53895138,5.52,4,5 Harris square,Newcastle,CF14 7RT
99552134,07491903,77032727,51.42,2,918 Murphy highway,London,S0 2UP
13037378,42622752,68195170,23.42,4,Flat 0,Edinburgh,AL24 6PJ
64537502,01395751,55522726,40.17,4,975 Anna fall,Cardiff,ZE0B 4FB
8677949,46101647,35031405,42.64,2,9 Kay port,Belfast,BR0 2QQ
18544098,18382072,95776453,22.99,2,9 Janet overpass,Manchester,N66 6DB
70526637,16410023,68195170,23.42,2,235 Jones spurs,Birmingham,DA32 2HF
32415237,92015999,14878853,19.56,4,Studio 0,Glasgow,HS9B 1PP
31936791,34736877,74965952,39.92,4,Flat 04,Liverpool,M7 2ZH
70715143,94768144,11021272,990.6,4,3 Garner dale,Bristol,YO0Y 0HG
17759320,69520374,11021272,990.6,4,67 Wilkins shoals,Newcastle,L7U 3EB
86490197,61031680,10609692,115.04,3,Studio 16f,London,G7T 2TU
36564288,04757508,47180166,862.34,2,40 Arthur plaza,Edinburgh,G2T 8DA
99793890,90282911,06489732,62.51,4,9 Rosemary island,Cardiff,B5 7LU
2587137,94739747,47180166,862.34,1,41 Lesley fords,Belfast,PR85 9ZA
92659072,03314835,66703700,47.69,2,Flat 41f,Manchester,M8H 4SS
53665992,46224293,44958566,87.74,3,Flat 43K,Birmingham,DN7W 0BZ
42815177,14050944,57085125,70.46,3,Flat 6,Glasgow,SK3 3NX
15385743,21827097,66912896,58.74,4,Flat 5,Liverpool,DA87 8DL
25314454,70106844,66951063,794.28,3,Studio 93m,Bristol,UB96 7ZX
55719248,61546724,93397593,5.01,2,Studio 1,Newcastle,RH9 7JE
76396440,22822245,34500433,21.37,4,7 Jones tunnel,London,N28 8PJ
48360722,33725155,95635827,61.45,4,0 William inlet,Edinburgh,W0F 4DH
6885790,92872865,66951063,794.28,1,257 David alley,Cardiff,G4 7BU
6787662,90428542,66703700,47.69,1,Flat 39E,Belfast,N41 2EL
58180806,39357137,17572222,87.9,3,54 Hilary shores,Manchester,E50 4RB
62494511,30723800,67690961,41.31,1,Studio 7,Birmingham,PR29 3GP
43862619,01165798,73781933,16.72,4,22 Woodward corner,Glasgow,L9C 5PP
44327764,90549822,75286654,48.93,2,1 Russell wells,Liverpool,E63 3TU
18602446,16236144,44459036,39.3,3,Studio 03,Bristol,E4S 3FY
10685515,30768403,87951673,91.72,1,Flat 02o,Newcastle,CB2 3ZQ
47324347,63877063,68195170,23.42,3,Flat 76i,London,N2C 3PW
43055947,03886832,33153025,23.01,4,930 Neil spur,Edinburgh,GY9 0GG
56646306,09242788,02585942,48.36,2,Flat 86H,Cardiff,M23 2BN
92331132,82649745,67690961,41.31,2,Studio 22,Belfast,L5 7FG
9458043,89171506,04057937,620.52,2,82 Jennifer plaza,Manchester,E5T 2FJ
57757462,06863842,99003221,31.51,1,213 Brennan square,Birmingham,LL21 1SZ
18382779,01752740,20593375,16.56,2,Flat 62W,Glasgow,W7K 4LQ
63424256,68017216,42699570,33.04,2,Studio 9,Liverpool,UB05 1TQ
99880844,65057962,43240521,82.98,2,Flat 55,Bristol,YO7 2BR
76555736,84935806,20593375,16.56,3,Studio 3,Newcastle,G4W 4UR
11597428,89817230,26952377,503.87,1,107 Sara freeway,London,TF33 0LY
58306563,99195991,19689248,23.3,3,Studio 74V,Edinburgh,DG0E 0FH
97297059,28334912,56518902,240.02,1,Flat 3,Cardiff,B3 5HY
5698150,84567650,59905432,40.92,2,25 Maurice views,Belfast,S2 2RY
14111158,69480862,36960484,500.92,1,3 Morris bridge,Manchester,N0 7QY
71757513,36973703,90332393,646.68,3,Flat 3,Birmingham,TF9 3TU
18875130,80597334,22906821,45.81,2,79 Hughes neck,Glasgow,CT6 6BD
58453662,02937028,25230208,897.03,1,9 Geoffrey isle,Liverpool,FK2 7PX
98409660,29803090,66912896,58.74,2,57 Elizabeth mill,Bristol,W02 7BL
70962053,69952746,80262685,54.48,2,19 Colin pines,Newcastle,BN4A 3XQ
10404179,40518613,22906821,45.81,4,Flat 18e,London,WR2N 3WY
25103974,08852925,56112656,27.12,1,1 Martin ways,Edinburgh,B28 7RG
60718575,76494812,75286654,48.93,4,2 Rose cliffs,Cardiff,WV1B 2EE
39381611,00481988,31884740,913.6,1,Studio 87h,Belfast,LD2E 0PY
36238942,31351766,36745877,24.36,3,03 Dunn fords,Manchester,WC54 3UA
3874123,98870737,64062315,832.06,4,704 Walker plaza,Birmingham,G8 7AF
4343807,46653527,40793538,84.39,1,9 Hugh forge,Glasgow,JE84 0FW
39489905,46861283,40793538,84.39,4,Studio 66G,Liverpool,L5F 7FE
56978072,42622752,31143629,84.83,1,Studio 83,Bristol,M14 6AW
38810965,87237659,78310150,544.52,4,Flat 55,Newcastle,CW0N 4PQ
82982046,18948450,23988989,49.52,3,Studio 7,London,HA3 8LH
99440914,38250677,59336907,532.66,2,670 Evans well,Edinburgh,TD77 0AG
37275738,36101119,47760546,156.25,1,35 Wright wells,Cardiff,OL00 0DE
83693427,17742849,47760546,156.25,2,821 Doyle plains,Belfast,LE5H 4DU
8263724,87590337,45793289,31.37,3,57 Thomas falls,Manchester,G2 4SU
46017556,65387368,68195170,23.42,1,79 Bryant mountain,Birmingham,W8U 2WR
15014627,46273789,53972096,41.68,1,5 Griffiths ways,Glasgow,N2F 5EY
88508374,87443261,91748358,56.08,2,76 Weston street,Liverpool,S5 6ZW
81230937,34189658,04121192,35.9,2,Studio 51s,Bristol,SK96 2GG
70670770,76056611,88649242,6.76,3,1 Read shore,Newcastle,S5 4UH
2269370,82499537,96534941,484.88,3,Flat 4,London,N7D 3RJ
13479326,77379849,69889622,23.76,4,Flat 51,Edinburgh,EX6 4AA
75664520,51253482,68890420,14.65,2,3 Graeme vista,Cardiff,S4G 8GY
76383185,69777987,63974571,69.66,3,27 Luke spur,Belfast,W02 4EX
28828047,60450401,66951063,794.28,4,Flat 46A,Manchester,NG6 0BZ
72368202,92291212,33353748,28.68,4,Studio 44N,Birmingham,BS20 8PP
88453772,25569597,67690961,41.31,1,6 Terry vista,Glasgow,B7S 4BW
76889302,48245753,67690961,41.31,4,Flat 11,Liverpool,L6 0AN
35381425,23028436,19714736,5.86,3,Flat 44c,Bristol,SM80 4ES
1455090,01727110,22906821,45.81,3,73 Karen mountains,Newcastle,TS6 3QR
40907470,06171050,33353748,28.68,3,Studio 86,London,B66 9GF
73630781,89817230,47808325,318.25,2,Flat 93,Edinburgh,WF2 8XR
38160522,72937322,96392838,64.14,4,9 Jennings summit,Cardiff,W3S 0AD
14464992,66165699,40343883,40.54,2,Flat 93h,Belfast,SE6N 5EQ
64490665,99512381,29041118,12.49,3,Studio 95,Manchester,B5 0SA
23690248,46510186,02585942,48.36,4,Flat 58H,Birmingham,B92 2ZY
80555467,64733198,40343883,40.54,2,Studio 12T,Glasgow,BR55 6PN
3062909,39879050,27643882,16.16,1,2 Walton hill,Liverpool,M9S 5YW
95568335,35684759,63771881,24.4,1,1 Owen locks,Bristol,NN28 8JX
23953763,46371318,70526231,49.61,3,1 Kerr underpass,Newcastle,TQ4 2JN
38109118,24372153,35632473,77.52,4,35 Glover well,London,DG55 5JW
22343208,75559976,41418131,31.73,2,126 Hargreaves rue,Edinburgh,CM5E 9HB
61856083,49459730,96673451,34.35,1,75 Stephen ville,Cardiff,DN2B 8LS
15011966,94619520,68895358,99.03,2,431 Abigail hill,Belfast,S4H 6BY
17103657,17529905,28955179,13.66,4,Studio 4,Manchester,RG44 3SE
920183,50255697,36999512,10.27,1,Flat 97l,Birmingham,E0 7QW
75112570,17970226,68895358,99.03,1,408 Davies rue,Glasgow,LD4 7ZN
11794843,07392417,21097867,901.34,3,626 Robinson expressway,Liverpool,SS7 8JN
13389247,51025663,22895462,548.1,3,336 Scott square,Bristol,HX5 9SY
82544073,64242824,22906821,45.81,4,89 Wilkins squares,Newcastle,PA3N 7YL
56540876,81696735,61463942,48.97,2,0 Johnson bypass,London,S6W 0ES
60794984,82941718,86006498,173.8,2,Flat 1,Edinburgh,IM8 9BX
90209597,57039372,45056694,375.4,1,34 Nathan key,Cardiff,M96 0AZ
1714299,45520513,44459036,39.3,3,Studio 5,Belfast,SO76 2QF
70156805,94364505,96594043,580.44,3,71 Ford freeway,Manchester,AB5 1QL
99392053,84843842,44459036,39.3,3,Studio 32,Birmingham,L18 6QN
85287454,75584516,90669708,73.89,1,47 Vaughan causeway,Glasgow,N03 2YL
780935,94313132,60382259,90.44,2,0 Owen roads,Liverpool,WS5V 2YS
55674323,61031680,22906821,45.81,1,4 Williams inlet,Bristol,M1E 6RE
89255697,50255697,49362178,94.04,2,Studio 66N,Newcastle,DE00 0QY
1013721,32787468,20593375,16.56,4,Studio 4,London,M93 1QX
84570884,68314614,11460278,14.22,4,965 Nicholls road,Edinburgh,E1 9LE
91577524,05868356,61463942,48.97,1,418 Nicholas branch,Cardiff,M31 2AB
69521176,99362953,51950618,32.89,4,Flat 74,Belfast,SM6 8AS
36330127,31440021,43823817,26.69,3,14 Evans station,Manchester,L2 2DE
16224434,23748743,56864779,717.73,1,890 Hill meadow,Birmingham,E7 3TU
99566855,27577476,77407910,37.76,3,0 Daniel brooks,Glasgow,G1J 2UG
89402597,63687327,56518902,240.02,2,Flat 21,Liverpool,G7 3EP
83379002,69119377,29041118,12.49,3,22 Harrison burgs,Bristol,S1 4SQ
10429315,85146771,94412162,24.35,4,0 Cox port,Newcastle,S0 1JX
55021575,68017216,91748358,56.08,4,Studio 7,London,KW4Y 8BJ
17902636,16595052,20593375,16.56,3,65 Curtis forks,Edinburgh,W4S 4EZ
69090378,22417782,98998293,20.86,1,6 Julie knoll,Cardiff,E7E 5YH
9905892,72312262,18703140,193.69,4,46 Grace points,Belfast,TR3N 9AJ
70798222,66714579,36999512,10.27,4,97 Myers isle,Manchester,DH2 2TT
33274573,57039372,66703700,47.69,4,8 Nicholls springs,Birmingham,W97 6ZJ
47900169,75611551,17572222,87.9,4,81 Simpson fall,Glasgow,M94 5DR
81482132,88182736,76983267,26.17,1,Flat 65,Liverpool,N2 6BH
80266621,82649745,77407910,37.76,2,1 Walker loaf,Bristol,S2W 6BH
42965405,46424272,17647971,96.14,4,44 Bernard mountains,Newcastle,ZE1 3NF
20413925,55177352,94412162,24.35,4,469 Thomas gardens,London,WR29 8FR
72201931,85483000,17149009,85.05,1,40 Carolyn orchard,Edinburgh,TA2 2AB
9038412,92749590,27643882,16.16,2,Studio 1,Cardiff,SS98 5SZ
93513322,37582027,18703140,193.69,4,20 Tyler mews,Belfast,WR67 1US
71413064,33158884,33291478,406.19,3,720 Ashton prairie,Manchester,B29 1LF
88100962,64907029,43240521,82.98,2,Flat 54G,Birmingham,L53 6AR
65100211,61491941,89839546,156.17,3,Flat 2,Glasgow,WA3 4WH
75762359,40518613,41418131,31.73,3,8 Evans plaza,Liverpool,N1B 6JL
97671596,37582027,44698588,63.92,1,3 Olivia road,Bristol,SL6H 0LY
21786708,84786513,10435784,15.38,2,7 O'Donnell oval,Newcastle,L3B 0BQ
28499494,51247381,96534941,484.88,4,Flat 08,London,E3 8SJ
22127113,49350080,60092402,513.41,3,Studio 7,Edinburgh,S4B 0DB
37514420,47362229,98667995,70.48,1,Studio 38,Cardiff,OL8 2DH
20243580,47362229,11021272,990.6,4,683 Hawkins lodge,Belfast,DE38 7PJ
11841268,70541202,40343883,40.54,1,19 Norton plaza,Manchester,PR10 3HH
72311396,21002612,53345203,51.4,3,2 Willis loaf,Birmingham,CR9X 8XX
72790526,00441599,45599673,88.82,3,Studio 32,Glasgow,TA49 7TA
51260196,69546043,87951673,91.72,4,2 Clifford pike,Liverpool,L4W 8DN
15862300,78421295,95635827,61.45,4,Studio 00,Bristol,L7F 5NB
20943777,83229573,64610108,32.5,4,85 Austin vista,Newcastle,M0H 3WQ
76629024,06380631,17647971,96.14,2,998 Scott field,London,W31 8AL
28262531,13653237,67690961,41.31,2,8 Chambers junctions,Edinburgh,N3S 3ZP
95690430,80407666,10688163,61.63,2,052 Carole courts,Cardiff,HA04 3RN
44558237,82703762,18921675,67.05,3,65 Debra lake,Belfast,TS0 9PZ
37290429,28727156,45372526,20.36,2,558 Wood station,Manchester,L8E 7UH
93521283,75826635,20593375,16.56,3,Flat 46,Birmingham,G3K 6GB
9776041,50313348,33291478,406.19,4,Flat 04j,Glasgow,BR9R 8SB
8063891,63334493,22906821,45.81,1,334 Lindsey unions,Liverpool,SM7M 4TJ
10501320,15715192,82613014,115.06,3,Studio 77Z,Bristol,SM8B 2AY
32580478,82595833,47833906,23.54,1,14 Bradley drive,Newcastle,OL34 3EF
59711047,96437868,36102105,176.61,4,578 Lisa skyway,London,L08 6QL
46564762,69803092,87951673,91.72,1,Studio 05Z,Edinburgh,KA7 2HJ
50374710,04582921,81634392,618.02,4,Flat 52,Cardiff,W3H 5SR
39153875,64919393,53345203,51.4,4,824 Joyce shoal,Belfast,B0 4NB
53085295,54947246,98998293,20.86,2,Studio 46,Manchester,LA4P 0SN
30476862,56000085,38475943,754.68,1,Flat 01,Birmingham,EH6N 9SZ
51215803,84363209,35632473,77.52,3,Studio 78v,Glasgow,ST6 7SG
56529899,96284245,29041118,12.49,1,Studio 43,Liverpool,B4U 5BJ
86548751,49601124,20593375,16.56,1,Flat 99,Bristol,EH79 6XQ
11879920,68179406,34416685,27.05,3,4 Lloyd port,Newcastle,N5 7UU
69084470,13686925,12870571,69.17,2,73 Max station,London,M8 3NG
18459781,43709607,64062315,832.06,3,Flat 6,Edinburgh,TA3W 5XS
68237623,90562552,48444593,48.53,3,192 O'Brien dale,Cardiff,TA8A 2JW
13113431,40221212,88649242,6.76,3,Studio 97u,Belfast,EN6 1WF
29889265,60450401,51272377,720.07,3,Studio 28,Manchester,M8K 4GB
19101168,51247381,44698588,63.92,3,8 Taylor inlet,Birmingham,BS9 1QP
46271602,94154612,87951673,91.72,2,Studio 02L,Glasgow,SN7R 5FE
61722526,61926915,67842782,40.55,2,30 Helen fords,Liverpool,SR2 8BP
79410366,84935806,76983267,26.17,3,09 Lewis station,Bristol,N14 9BL
26811837,33836817,02585942,48.36,4,785 Simon lake,Newcastle,G18 5ND
84328583,72402507,07833503,63.69,4,Flat 65,London,E8A 8BQ
11221848,68832251,43240521,82.98,3,Flat 10p,Edinburgh,HA8P 0XN
18072945,36581301,67083715,25.61,3,Studio 00z,Cardiff,BN73 8TX
20276334,38173835,99003221,31.51,1,Studio 10,Belfast,N7 1BN
94384312,48193677,59536852,66.25,1,Studio 64,Manchester,TR8B 0NU
78388952,99449578,62201054,30.29,4,Flat 0,Birmingham,SA6 1RE
44513091,04805413,40997649,73.39,1,Studio 83,Glasgow,ZE5P 9RZ
84406225,05540831,33353748,28.68,4,Studio 54,Liverpool,B2F 0PS
9756690,31950033,66703700,47.69,3,236 Connor brook,Bristol,N0S 0UR
73070544,92280837,43240521,82.98,2,Flat 31,Newcastle,IP5R 4QJ
66356714,25414824,97286897,98.36,3,Studio 38B,London,S8 4TS
55466623,41391087,29041118,12.49,4,Studio 17P,Edinburgh,GU3 0RY
56513562,28928855,30632883,42.02,2,564 Albert groves,Cardiff,N8E 9WL
37223546,08288765,78666159,90.33,2,Studio 39g,Belfast,RM8 8DT
46105019,03679503,11460278,14.22,4,Studio 4,Manchester,G6U 0GE
98092725,80766637,98751200,44.27,4,79 Robinson meadows,Birmingham,B0 3NB
29496195,75873177,83402982,31.38,2,Studio 4,Glasgow,CT41 0QF
2935357,09368192,79999464,698.2,4,8 Evans burgs,Liverpool,N9B 1AX
31244562,74506627,44698588,63.92,4,Studio 3,Bristol,N93 9XT
35043103,06761466,56112656,27.12,2,Flat 82G,Newcastle,AB6 5DY
64205641,32711765,44698588,63.92,2,Studio 71O,London,L29 5GZ
35901959,82649745,29041118,12.49,2,62 Rachael flats,Edinburgh,LD34 2JP
32759886,42825029,74049637,18.33,3,Studio 3,Cardiff,E5 8YD
15021481,47861699,32596846,7.73,1,Studio 97c,Belfast,SR6 4DY
16611299,03164532,47952768,9.86,2,711 Anna walk,Manchester,KT0 4PJ
15055176,74090856,59536852,66.25,4,910 Samuel islands,Birmingham,E99 5QE
65899361,14952991,25230208,897.03,2,9 O'Sullivan squares,Glasgow,G6D 1EX
61543445,61786589,82394037,14.95,3,Studio 68,Liverpool,TD30 0ZU
70846492,94440522,75941240,13.58,4,819 Sharon circle,Bristol,SG9X 8HR
57213395,02772585,66951063,794.28,2,266 Jones lodge,Newcastle,PH0X 8YE
61005332,69829529,59536852,66.25,1,485 Pratt park,London,S7S 3UA
62786315,75873177,45793289,31.37,2,7 Georgia shores,Edinburgh,L3U 1QY
17070487,47790161,09985188,27.97,4,171 Elizabeth extension,Cardiff,WC5 2SB
22768198,99512381,85027780,25.72,2,Studio 7,Belfast,TS89 9YG
55957694,56506589,47724276,609.19,3,1 Angela street,Manchester,IM8B 2QA
94390171,64535260,41418131,31.73,1,4 Clive circle,Birmingham,EX59 1EH
30326033,89366076,25230208,897.03,2,Studio 54F,Glasgow,EX2 5XH
37653854,37292606,52282835,457.56,1,Flat 6,Liverpool,W6 6WE
92719208,65388530,34280151,23.06,4,Flat 33,Bristol,EX01 7YN
66531080,14977194,82394037,14.95,3,299 White overpass,Newcastle,S1J 3GU
95518701,77532232,93397593,5.01,1,655 Patrick hill,London,M8 1XQ
50003792,03657457,91748358,56.08,2,Studio 0,Edinburgh,S4J 0JL
99771352,19716746,71623970,70.26,1,80 Molly divide,Cardiff,ST9E 8PD
17817354,90282911,96392838,64.14,1,05 Heather lodge,Belfast,JE2 2AG
45192941,77379849,81758739,807.51,1,Flat 01U,Manchester,S59 7PA
8262970,45847175,06424744,8.4,4,Flat 00U,Birmingham,HS51 2JY
12120304,45371504,96392838,64.14,3,Flat 9,Glasgow,HD5 3TD
42554554,64572549,27106420,76.09,3,2 Jackson port,Liverpool,RM88 1PG
88763181,86853085,24978198,29.18,3,5 Lawrence lake,Bristol,IP2W 7AP
46602891,85146771,77032727,51.42,4,4 Anne landing,Newcastle,S7H 1XD
28292304,68117479,30330557,57.96,2,Studio 12R,London,CF4 7NP
23760353,67388895,66951063,794.28,4,Studio 10,Edinburgh,DL2X 0GG
22912461,46101647,97528382,510.82,3,7 Shirley tunnel,Cardiff,EN3 7FJ
13327400,86610402,47952768,9.86,2,Flat 54,Belfast,HA7A 2GP
83880252,16410023,77032727,51.42,3,Flat 83k,Manchester,B9 8UN
60639892,91824113,57328235,27.85,2,Flat 83O,Birmingham,M9W 2DX
97936345,57822586,98667995,70.48,3,8 Lewis stravenue,Glasgow,BH1 1ES
27991195,94106795,60936185,89.37,4,Studio 87f,Liverpool,SA33 0BP
66511636,80597334,33353748,28.68,4,Studio 14U,Bristol,W0 3HB
65600580,03657457,75941240,13.58,3,78 Holly place,Newcastle,E30 0XE
86430861,51049802,33748161,44.88,1,6 Coleman grove,London,NW99 1DA
43354266,87443261,85584977,72.65,1,5 Jenkins vista,Edinburgh,S0 3QY
41141875,69351327,82394037,14.95,3,691 Ellis grove,Cardiff,B7S 9SB
55745090,75873177,98667995,70.48,3,6 Price pike,Belfast,G6 7SJ
25747953,40312436,37992704,22.39,1,90 Hudson squares,Manchester,W2 9LN
81616704,46510186,87951673,91.72,4,Studio 4,Birmingham,M2 8LP
91769475,71159365,75286654,48.93,4,Studio 78C,Glasgow,M3C 0NR
70643961,46510186,86223680,131.7,2,65 Brenda rapids,Liverpool,SK1 9NP
53838949,04757508,17572222,87.9,4,Flat 02,Bristol,LD3 4PY
9803706,58394731,00237287,74.25,4,Flat 06Q,Newcastle,G7H 3JX
10182059,62587519,95519209,43.64,4,Studio 65g,London,WR3 0WY
67892706,77472818,38475943,754.68,3,Flat 62,Edinburgh,ML6X 7QG
44763125,22771952,17572222,87.9,2,46 Miles dale,Cardiff,BH1B 5NL
49858922,03315524,89571012,45.92,3,6 Turner cliff,Belfast,IV05 9QZ
79972040,65057962,79999464,698.2,2,Studio 1,Manchester,W5 1TR
10978648,15542111,36102105,176.61,3,65 Brooks plaza,Birmingham,SL8R 4NJ
95144421,65524117,18921675,67.05,4,9 Lee place,Glasgow,G8 2RU
79562571,53125442,99003221,31.51,4,Flat 04A,Liverpool,BD7Y 2SN
73808968,79294424,44985813,92.63,1,Studio 25u,Bristol,G7U 4DN
98390329,68092251,44985813,92.63,1,Flat 08Z,Newcastle,B9C 1TJ
96481610,03679503,94891449,75.72,2,5 Jasmine knolls,London,B3 3FT
97111587,39490060,78814276,48.79,2,Studio 39,Edinburgh,HS4B 1JA
60726845,65388530,95776453,22.99,1,31 Kim fords,Cardiff,LD55 9HN
69977435,37582027,62201054,30.29,3,29 Fletcher corner,Belfast,N5B 2NS
62495978,50711319,60198499,939.83,4,739 James locks,Manchester,LD7 4XW
10008926,93546119,77407910,37.76,1,928 Richardson place,Birmingham,L0 2EN
95704622,30221424,22895462,548.1,1,602 Derek turnpike,Glasgow,WR5 7EB
61166084,56000085,87951673,91.72,4,84 Turner track,Liverpool,PE4 8BT
66361190,78837907,35632473,77.52,2,2 Talbot bypass,Bristol,L5J 3TJ
16865491,59304408,61517154,984.92,1,Studio 32c,Newcastle,E3J 9NX
74944645,86028899,18921675,67.05,2,15 Vanessa coves,London,BS3 6PY
11714081,72937322,95635827,61.45,4,8 Tracey crest,Edinburgh,CF2 1FZ
30667263,49757772,57644040,79.73,1,Studio 4,Cardiff,GY68 0TT
70705767,72981150,60092402,513.41,2,8 Byrne square,Belfast,HD6W 4HU
58671623,03315524,57644040,79.73,3,424 Lindsey cove,Manchester,DY68 6UG
5046830,90702526,10627095,78.61,2,89 Taylor pines,Birmingham,G0J 5HU
74835033,09058772,33353748,28.68,4,776 Peter cliffs,Glasgow,E65 4FD
31616325,92015999,26952377,503.87,1,30 Lydia isle,Liverpool,E1T 4JH
23494831,89004822,60425249,40.02,3,Flat 18,Bristol,M8 6YN
62561877,27640843,85027780,25.72,1,Studio 64,Newcastle,G41 5RA
3527629,50255697,75941240,13.58,1,15 Doyle spurs,London,TQ8 7JW
14756755,80435684,95635827,61.45,3,Studio 22,Edinburgh,KY3 2UX
40197296,90563002,41418131,31.73,4,973 Gillian light,Cardiff,ME88 5FY
9494925,20618287,32596846,7.73,2,0 Scott lights,Belfast,N4 0QZ
8119056,20753387,47952768,9.86,2,Studio 5,Manchester,S0S 0QH
25474867,87807214,96673451,34.35,4,Studio 02,Birmingham,G5F 9WJ
54824305,87114413,47760546,156.25,2,Flat 14e,Glasgow,S2 0XS
67162755,84920578,78310150,544.52,1,324 Jane corner,Liverpool,SS7H 0RE
23980294,65367548,89839546,156.17,1,Flat 74H,Bristol,G6 4PP
11528631,98509050,41418131,31.73,3,23 Coles glen,Newcastle,W7B 7RZ
8516971,60341662,18703140,193.69,3,Flat 2,London,N6 1YA
50265901,48543657,19916146,79.8,3,7 Denise throughway,Edinburgh,B1H 8EZ
47822825,21827097,46295787,14.18,1,Studio 5,Cardiff,N94 0FX
29592062,63480275,46277374,34.21,4,Flat 45,Belfast,WF0 6LN
96369809,89486900,10609692,115.04,2,77 Watson cape,Manchester,JE7 4JG
91333482,03292724,86223680,131.7,4,34 Irene bridge,Birmingham,M0 6GQ
70858008,20666044,47724276,609.19,3,552 Mathew streets,Glasgow,E81 4ZF
50057826,67338040,66703700,47.69,4,Studio 1,Liverpool,N8J 6NN
52787958,89004822,16221641,47.99,1,41 Smith trail,Bristol,BA4W 7YH
86619509,65057962,16221641,47.99,4,7 Smith circles,Newcastle,RM86 1DE
64765658,64907029,40343883,40.54,3,2 Nelson mount,London,E6 2YB
25366913,18948450,04509355,472.87,4,507 Morgan plains,Edinburgh,L25 1DQ
59606946,28203432,62029885,38.51,1,Studio 6,Cardiff,B91 2RU
15326147,77379849,29041118,12.49,1,2 Higgins bypass,Belfast,E16 9UN
85960029,71266599,81758739,807.51,2,02 Brandon land,Manchester,CV46 9NU
46097287,10619062,86223680,131.7,3,718 Amy trail,Birmingham,ML8N 8GH
9045304,42624768,63970118,7.69,4,Studio 07,Glasgow,B4 4AN
60479081,00957676,25641215,5.44,4,Flat 95r,Liverpool,IV3 8GP
47088027,50920515,71623970,70.26,4,3 Mistry loop,Bristol,E6 0FB
76048280,50848390,09985188,27.97,3,Flat 2,Newcastle,L4 2ZN
2656721,23568438,21919926,55.97,1,099 Wayne views,London,E8 9EP
67323665,39498128,09985188,27.97,3,Flat 78H,Edinburgh,WR20 8DL
21545590,52384013,90716496,12.52,4,88 Martin junction,Cardiff,B2 7ZY
24015832,90631495,81547381,33.75,2,Flat 39,Belfast,G49 5NT
58144809,07808024,09985188,27.97,1,Studio 53,Manchester,G1D 6YA
21364800,40518613,03657114,72.8,4,Studio 51,Birmingham,S08 7SZ
6073421,85916120,27106420,76.09,1,Studio 8,Glasgow,ZE7 0YP
59099774,20807540,25641215,5.44,2,Flat 51J,Liverpool,S9 1NB
90255305,93811481,82676134,62.93,2,Flat 67,Bristol,LE7B 5XR
40626065,07948817,59905432,40.92,2,Studio 83G,Newcastle,E48 4AF
30688908,36101119,10915900,13.81,2,59 Smith row,London,S4 7PQ
92892437,79920881,45308851,79.57,3,17 Hughes path,Edinburgh,WC2 2PY
3439300,22020680,73781933,16.72,1,6 Edwards roads,Cardiff,N74 3QW
92387939,89311696,50593588,13.45,2,2 Taylor wells,Belfast,G1H 7HS
76499468,67388895,69084621,87.27,3,95 Gardner radial,Manchester,L0H 5YU
68350557,64361992,56518902,240.02,3,Flat 23a,Birmingham,EN44 5PG
37792149,55137493,02144532,40.43,4,1 Jack burg,Glasgow,G87 6JA
84416220,27157742,34142232,90.71,2,Flat 76,Liverpool,S3W 1LW
36833956,63348791,87951673,91.72,3,Flat 84,Bristol,L3K 3NL
53916671,06380631,20593375,16.56,2,3 Green causeway,Newcastle,CM54 7HX
81854514,79544418,89553796,5.69,3,Studio 89,London,M7T 3ZH
93501362,79222272,56419948,50.48,2,8 Blackburn landing,Edinburgh,CT4 6NP
94853594,49382924,48444593,48.53,1,05 Jenkins circles,Cardiff,E0 0NT
52667068,22417782,98999077,94.3,2,Studio 49y,Belfast,CT26 9RJ
27738583,09058772,41418131,31.73,4,870 James via,Manchester,L6S 6PL
82206432,26547998,56864779,717.73,2,5 Rebecca union,Birmingham,TD88 0DW
73743763,33735097,82613014,115.06,4,858 Danny tunnel,Glasgow,ST3 1BX
88612760,37088534,45308851,79.57,2,Studio 19,Liverpool,WA44 5AZ
35197127,11137284,34142232,90.71,1,Flat 60O,Bristol,AL4 7HN
39024398,77095721,80262685,54.48,2,Studio 4,Newcastle,N09 3JE
32248254,82649745,67083715,25.61,3,Flat 7,London,E5H 4RR
74041662,92872865,82613014,115.06,2,65 Baker rapids,Edinburgh,N1 0LQ
41495642,84735164,43240521,82.98,4,02 Tom lakes,Cardiff,N11 4YU
39225542,72312262,59336907,532.66,1,Flat 73,Belfast,CR78 9ER
19552103,68092251,45308851,79.57,3,1 Zoe mill,Manchester,AB1E 3UN
55214361,61586140,59704374,46.13,1,Flat 4,Birmingham,MK30 1DQ
45574599,30234579,76319599,50.92,2,Flat 99H,Glasgow,TS7 9RF
91054772,53008391,87053911,39.09,1,Flat 88K,Liverpool,MK9A 3TW
79108137,18948450,73781933,16.72,2,Studio 1,Bristol,N16 4WR
17373187,88662517,67690961,41.31,2,879 Gavin grove,Newcastle,G4K 9QR
31878635,48831743,78814276,48.79,4,Flat 59,London,E2 0DH
48572533,96538737,12847038,8.45,3,Flat 7,Edinburgh,E06 1WS
88661411,88219887,79051123,573.47,3,Flat 03,Cardiff,PL6A 1FR
68058158,57728048,25568240,36.07,1,Flat 55,Belfast,M32 3SL
9579398,17114180,65471670,22.44,4,Studio 86,Manchester,M3B 9YB
95292218,81438175,56112656,27.12,3,Studio 26j,Birmingham,M64 4AQ
79397957,17986954,45308851,79.57,4,414 Wood harbor,Glasgow,M7E 9YD
92084421,22607385,89267502,468.12,3,Studio 3,Liverpool,E0C 2EF
53571650,93240095,15278519,29.45,2,196 Jean plain,Bristol,DH7 2NQ
24013935,72312262,32201138,20.67,4,Studio 56L,Newcastle,S5G 9NS
78466002,87443261,91748358,56.08,1,66 Ronald greens,London,NR35 8EN
29534551,21701772,71623970,70.26,2,Flat 14V,Edinburgh,DL00 8YX
71891,04757508,15278519,29.45,2,Studio 44e,Cardiff,TS85 9HT
37912970,80755414,96673451,34.35,3,24 Bell path,Belfast,N6 6ZE
59947606,58394731,61517154,984.92,4,42 Dale mountains,Manchester,SE50 4YG
34441222,11494282,81634392,618.02,2,0 Lynne trail,Birmingham,N8 5QL
74307212,57701306,41418131,31.73,3,2 West manor,Glasgow,E8 9EZ
97200542,10176855,12847038,8.45,4,Studio 9,Liverpool,E73 9RQ
455367,44238821,02585942,48.36,2,05 Johnson ranch,Bristol,W3 1RS
11855124,93828163,74965952,39.92,4,Flat 83g,Newcastle,G02 9QQ
67314101,78421295,43101626,30.74,2,10 Lynn dale,London,W2U 7AH
49719371,01257448,89201396,38.92,3,Flat 92,Edinburgh,L50 2TB
59570726,37368816,34500433,21.37,2,684 Jill isle,Cardiff,L89 6HH
78373939,36285884,63771881,24.4,3,7 Nicola highway,Belfast,EN31 7QY
48379174,39879050,53345203,51.4,2,Studio 55,Manchester,G8 5PZ
41293174,79415371,98667995,70.48,4,7 Donna route,Birmingham,HA1A 9ZG
59055308,81274876,44459036,39.3,4,Studio 72e,Glasgow,W08 5SR
89661463,81581899,81758739,807.51,2,63 Day view,Liverpool,RH3 7HL
30417514,05091675,40343883,40.54,4,87 Harding valleys,Bristol,PL29 7RN
25195581,39992076,11554449,84.62,1,Flat 83j,Newcastle,W3K 5GG
39410659,59314372,27106420,76.09,2,04 Alison park,London,S1 7JZ
59792181,29395284,81758739,807.51,2,62 Edwards turnpike,Edinburgh,B1S 0AU
66571829,18369572,19689248,23.3,3,716 Jones mountain,Cardiff,EC20 4ZG
52248962,29392100,58129062,130.51,3,Flat 18o,Belfast,BB33 6WH
29451104,90519376,23988989,49.52,1,Flat 04J,Manchester,DA0A 5HW
86078409,66300330,29041118,12.49,3,73 Stanley overpass,Birmingham,BB66 9GS
24978896,60603037,49117701,698.72,4,Studio 9,Glasgow,HA7 2HA
63253444,23048602,68674913,86.36,2,29 Hill vista,Liverpool,G4A 2HA
99515632,13686925,68674913,86.36,4,Studio 5,Bristol,G82 1ZB
59655768,46424272,33353748,28.68,3,Studio 86,Newcastle,G4 4AP
46383076,46653527,81758739,807.51,3,3 Melanie village,London,E2W 6TW
9341799,88228254,14529201,509.03,4,816 Josephine alley,Edinburgh,CB7Y 2FF
94140971,31465457,11623983,42.77,3,Flat 31,Cardiff,MK8 6ZP
49316730,03130129,76319599,50.92,1,Flat 27,Belfast,E7E 4JN
7770279,71266599,40343883,40.54,4,065 Helen crescent,Manchester,M7A 7LT
56662332,23480130,14529201,509.03,3,614 Smith club,Birmingham,G6 0NT
72911181,70823809,40343883,40.54,2,Studio 7,Glasgow,B7F 1XF
84254021,71159365,34416685,27.05,3,Studio 4,Liverpool,N7U 0LG
55125136,37292606,86223680,131.7,4,Flat 09,Bristol,TF7 6AT
80001551,09539398,20593375,16.56,3,Studio 57,Newcastle,WN17 6XY
89765351,24487193,09985188,27.97,4,396 Ann mountains,London,G5U 3HQ
38602584,22020680,85027780,25.72,2,030 Field circle,Edinburgh,DH4 7ZG
92142420,57356108,59336907,532.66,1,090 Williams parkways,Cardiff,HP6B 2PQ
90657237,28203432,82394037,14.95,4,Studio 27L,Belfast,W44 1WY
83788789,98153389,69894676,15.28,4,401 Turner vista,Manchester,SP2 5ZP
66257932,91163763,07879727,197.7,4,Studio 31,Birmingham,S93 3TR
27126946,84843842,39537344,37.69,4,Studio 0,Glasgow,WV08 8EP
19192080,87764786,84242056,37.55,4,Flat 96G,Liverpool,TQ7B 9AG
70184001,01202888,80262685,54.48,2,Studio 84,Bristol,HR7R 7QJ
98036912,47661988,40793538,84.39,2,293 Pamela pine,Newcastle,DT8X 6DJ
52875268,41854631,43240521,82.98,1,164 Mandy pike,London,B7 1ZZ
45343306,74860955,36745877,24.36,2,Flat 33x,Edinburgh,NR6 2TN
65379517,74506627,54293395,23.55,1,4 Yvonne mountain,Cardiff,WV81 4GJ
30011308,59314372,14878853,19.56,2,133 Bethan track,Belfast,E7K 7FT
94592295,04327307,54229921,17.04,4,0 Teresa plaza,Manchester,HA4E 9HF
65141562,98201593,74965952,39.92,2,Flat 4,Birmingham,B8K 0WP
55531529,16987091,34500433,21.37,4,99 Ann wall,Glasgow,SG6V 7XT
16614884,02378140,25555768,34.68,2,8 Morris shores,Liverpool,ZE9E 4QS
99387318,24372153,82394037,14.95,1,Flat 13,Bristol,S17 3QD
45754835,66300330,98496356,45.18,1,63 Edwards shores,Newcastle,AB4 3ZF
36682254,05091675,95635827,61.45,2,5 Damien fall,London,N5W 7UJ
66916022,77107235,47760546,156.25,3,8 Thomas turnpike,Edinburgh,W91 9WU
65633163,98069434,62029885,38.51,3,Studio 0,Cardiff,DG8 8UD
116130,10533089,17434305,259.08,1,Flat 8,Belfast,G8 3YY
92447259,56616257,32596846,7.73,2,Studio 3,Manchester,G68 0JZ
7513143,16899006,16221641,47.99,1,192 Mohammed common,Birmingham,HG5 4LZ
61207370,17159844,51950618,32.89,3,10 Patterson dale,Glasgow,LN80 0WG
94693958,01202888,90208496,17.86,4,Studio 10O,Liverpool,UB0N 2PG
93244344,98201593,68388837,49.96,1,5 Collins cliffs,Bristol,M9S 0BD
19097819,01699543,57328235,27.85,3,Flat 9,Newcastle,GU0 3BG
28044164,40243953,18842395,938.89,4,04 Allen glens,London,B0 4PL
23218328,64026298,25292977,22.12,1,Flat 81,Edinburgh,BD58 9HB
82294083,36223144,62029885,38.51,2,Studio 1,Cardiff,MK72 0PG
79602857,24984944,22895462,548.1,3,Flat 41n,Belfast,M1 6WF
7715843,45092308,62201054,30.29,4,Studio 98N,Manchester,SL35 1LJ
69047451,89366076,44698588,63.92,4,761 Fiona ferry,Birmingham,G69 2AP
37111215,87372548,89571012,45.92,4,Studio 81c,Glasgow,N46 3RD
55423665,96284245,48444593,48.53,2,Studio 15j,Liverpool,EX83 1YS
86318264,77831170,70526231,49.61,3,91 Short brooks,Bristol,G4 4ZP
3629277,91386564,81758739,807.51,3,Studio 7,Newcastle,G7J 0LD
18581313,75937186,44958566,87.74,2,41 Peter walks,London,LD17 3FA
11703807,16216346,36745877,24.36,1,338 June loaf,Edinburgh,N9 1GS
67023817,87114413,35632473,77.52,3,18 Stephanie trail,Cardiff,G2 3UA
80436960,30723800,56082116,69.06,2,Studio 0,Belfast,G99 7GJ
20501695,33176213,98999077,94.3,4,Studio 42M,Manchester,SO6X 5ZE
93894985,84843842,49362178,94.04,2,51 Morrison valley,Birmingham,G34 1ZS
79153713,06863842,60382259,90.44,3,Studio 47,Glasgow,S0H 5FE
40334906,69119377,17572222,87.9,4,Studio 69,Liverpool,WA6H 2GD
64102410,17986954,47760546,156.25,3,214 Parsons extensions,Bristol,BB3E 0ZN
1310041,28517562,59336907,532.66,3,90 Hill camp,Newcastle,LD07 2BS
81805373,61031680,82613014,115.06,3,86 Lesley streets,London,GL9 8AU
94033652,22731849,34416685,27.05,1,31 Clark garden,Edinburgh,RG0 7SP
86991018,02378140,35632473,77.52,4,Flat 27,Cardiff,PA9 4ZQ
32779057,03708290,89459842,92.57,1,62 Keith expressway,Belfast,ME4E 8DT
38977525,28042519,73480194,36.59,1,87 Kent inlet,Manchester,BS4Y 0ZD
42625188,60341662,44985813,92.63,4,Flat 74U,Birmingham,N0E 3TB
97633561,17986954,81758739,807.51,3,40 White ramp,Glasgow,NN6 8XL
72109713,92528428,48444593,48.53,4,005 Rowe haven,Liverpool,L7H 3UZ
48280257,85222025,95776453,22.99,3,267 Molly centers,Bristol,G96 9SJ
19646272,42987318,93679244,11.91,1,00 Davidson squares,Newcastle,N24 7NW
89272303,42550292,51950618,32.89,2,Studio 0,London,BR96 0SW
40063478,32972135,74049637,18.33,1,Flat 01,Edinburgh,EH5B 3GB
13642530,80105707,96392838,64.14,1,81 Dean prairie,Cardiff,E77 7SX
87719789,22794243,56518902,240.02,4,Studio 70,Belfast,S38 4AR
76085380,29343642,76319599,50.92,2,Flat 8,Manchester,E97 7GX
95275807,45040302,90716496,12.52,3,Flat 5,Birmingham,B66 0QX
99303187,98510546,68895358,99.03,1,Studio 32O,Glasgow,W17 9ZX
79695902,19756743,90332393,646.68,2,402 Hayes squares,Liverpool,B8 9PT
11012651,99080704,14529201,509.03,4,822 Stephens junction,Bristol,HR12 7PX
33898950,12775863,54293395,23.55,3,826 Reynolds haven,Newcastle,W25 9AD
43857040,31999065,11554449,84.62,2,Flat 37,London,S9 0UD
27368266,14622950,94891449,75.72,2,Flat 02a,Edinburgh,L5 0EL
35282372,06463299,10435784,15.38,4,48 Jones manors,Cardiff,S4 2FU
88742790,31440021,59817651,11.04,3,0 Jake meadow,Belfast,E0 2NB
38336848,84567650,45060444,94.8,4,Studio 27a,Manchester,PO5 6WL
56922441,92528428,35031405,42.64,3,4 Smith square,Birmingham,DD5R 1HY
39660126,21915035,16457292,46.31,4,Studio 16U,Glasgow,SN03 6JE
89093303,18478061,77407910,37.76,2,Studio 8,Liverpool,EH9 7XR
78552871,47126210,67842782,40.55,3,Flat 48I,Bristol,S2W 9GR
26794017,39483948,10915900,13.81,1,Flat 02q,Newcastle,TN45 0ZY
13158896,23067107,22906821,45.81,1,606 Sims centers,London,M0E 5XB
45180149,89522622,80262685,54.48,2,93 George glens,Edinburgh,N3H 2LU
35226197,24631667,22895462,548.1,2,Flat 6,Cardiff,TQ6M 0EH
63041611,81698546,39537344,37.69,2,9 Murray springs,Belfast,S4T 4LE
19785138,15508602,94412162,24.35,3,75 Jennifer extension,Manchester,W25 0EB
49108489,07885850,04958170,41.41,1,Flat 1,Birmingham,W11 5EW
806883,77130265,96392838,64.14,3,Studio 27,Glasgow,UB1 3FZ
37668476,98940784,53972096,41.68,4,Flat 1,Liverpool,SG9 5RF
76315148,06380631,25729354,41.07,4,58 Clive forge,Bristol,WC35 6FX
48177761,03389095,23988989,49.52,2,Studio 20W,Newcastle,GU9B 6QJ
83232434,70025580,18703140,193.69,4,82 Aaron forks,London,PE0 2SS
49982407,06380631,75946515,35.53,1,200 Mary falls,Edinburgh,DE41 5WZ
12777559,38173835,88649242,6.76,1,Studio 87y,Cardiff,G9C 1LH
88047394,86086901,14314613,41.24,1,2 Mohamed streets,Belfast,M5 6ER
31511476,87159184,41418131,31.73,3,Studio 34,Manchester,G66 5LT
82496753,16410023,68195170,23.42,2,Flat 52y,Birmingham,LA7E 5US
58778989,49757772,93397593,5.01,1,Flat 3,Glasgow,N1 3NN
77627700,53383964,16221641,47.99,4,1 Johnston viaduct,Liverpool,L0 0DJ
30907843,68479440,44958566,87.74,1,26 Francis garden,Bristol,G6G 3NJ
92135327,61491941,22895462,548.1,2,0 Thompson trafficway,Newcastle,S9 5TZ
39520088,70114071,67690961,41.31,2,20 Justin plaza,London,L7U 9UU
54392139,73939553,11460278,14.22,2,97 Douglas stravenue,Edinburgh,N4 7QU
61251462,70541202,62201054,30.29,4,Flat 79,Cardiff,M8 9JJ
71975076,03679503,34142232,90.71,4,56 Adrian drive,Belfast,E81 8HF
30679944,87237659,99003221,31.51,3,3 Lawrence streets,Manchester,G71 5QW
98091881,21298124,16221641,47.99,2,Studio 11G,Birmingham,W6 8BG
49522594,28813693,29041118,12.49,4,Studio 56F,Glasgow,G42 2FY
37198803,01546266,57328235,27.85,4,9 Arthur stravenue,Liverpool,AB21 2GD
94427928,36581301,73887935,61.47,3,Studio 99l,Bristol,SP0P 9HP
60161769,38250677,44958566,87.74,1,472 Susan mountain,Newcastle,WC1 6EF
73992251,97320509,34208577,747.27,2,Flat 20,London,TS96 9QJ
64464209,30221424,88649242,6.76,3,Studio 6,Edinburgh,S4 6WF
97249912,22020680,75286654,48.93,1,Flat 3,Cardiff,S7U 0XL
79513069,13166836,67690961,41.31,1,1 Davies port,Belfast,S7 9DW
51929790,03314835,45875503,28.42,4,Flat 84k,Manchester,S47 9LH
19546485,39768493,03657114,72.8,1,Flat 0,Birmingham,L5W 3DH
76084164,49548328,96673451,34.35,3,Flat 96q,Glasgow,NR1 9WW
19302272,52384013,87951673,91.72,1,411 Carpenter forge,Liverpool,GL72 1JA
78372375,00053828,74049637,18.33,1,Studio 18r,Bristol,BB54 8ZZ
60778336,09539398,45173530,28.04,3,Flat 9,Newcastle,S68 0JF
43348357,23971654,15278519,29.45,4,Studio 39,London,WV4N 8ER
31146632,18876479,19689248,23.3,4,Flat 92,Edinburgh,DN5 5EH
11151098,28942101,93397593,5.01,4,Flat 5,Cardiff,W2 5DJ
73618829,46653527,47833906,23.54,3,4 Hargreaves alley,Belfast,W9 0BB
27140641,41478928,33353748,28.68,4,54 Parkinson pass,Manchester,S9K 8BW
82510197,83307369,63771881,24.4,1,39 Elaine lights,Birmingham,SR4 2QQ
20444831,86581179,53846489,342.68,1,Flat 6,Glasgow,E5H 9TQ
32099447,92528428,67105521,22.07,3,639 Davies gardens,Liverpool,B20 8SD
69306217,89066689,44698588,63.92,4,Studio 88,Bristol,M6 3NU
19338480,72981150,71623970,70.26,1,Studio 35M,Newcastle,HG67 8QP
14231020,94313132,20593375,16.56,1,76 Ashleigh cliff,London,ST94 6SL
74548721,49350080,96392838,64.14,2,Studio 65T,Edinburgh,S52 6TG
31258101,56616257,94412162,24.35,2,15 Stevens common,Cardiff,L4 7AN
80423549,90549822,14314613,41.24,1,0 Alexandra shoals,Belfast,S8 4WQ
75822779,49548328,17572222,87.9,1,48 King plains,Manchester,N29 0GF
47342265,92955992,49362178,94.04,4,Flat 0,Birmingham,B7B 8PG
70893721,73845091,29041118,12.49,2,034 Louis cape,Glasgow,BH2V 7ZE
36130454,75584516,49377369,86.65,2,08 Anderson lodge,Liverpool,EC07 3RA
42561484,41478928,57085125,70.46,3,9 Cunningham burg,Bristol,LN16 1NQ
99001074,94491694,87862692,81.47,3,Studio 7,Newcastle,PA9A 0ZN
92526886,71497690,87951673,91.72,2,Studio 26N,London,IM71 7FN
73331282,13480726,68890420,14.65,3,Studio 68V,Edinburgh,N0E 8DX
64143005,48087151,74049637,18.33,2,3 Mary plaza,Cardiff,B32 3PE
93349255,75169529,25555768,34.68,4,909 Humphreys ville,Belfast,M0F 9BE
50007151,99362953,65471670,22.44,2,53 Parry passage,Manchester,W7J 7SU
41359265,11035424,48444593,48.53,4,132 Moore dam,Birmingham,KW4 7GJ
10537056,63917910,20593375,16.56,3,595 Archer throughway,Glasgow,EN8 9XP
86419483,48845574,32596846,7.73,1,Studio 56,Liverpool,M03 3LY
33572953,07885850,73781933,16.72,1,59 Elliot port,Bristol,B3 8DD
78463799,05091675,39537344,37.69,1,690 Reeves unions,Newcastle,N5 3HA
85242884,68545050,66951063,794.28,2,Flat 81W,London,SY26 1JG
1562678,02104407,16487613,17.49,2,Flat 6,Edinburgh,W62 7DH
80524711,18478061,69894676,15.28,4,Flat 22,Cardiff,YO24 8WN
44391658,89066689,78666159,90.33,3,1 Lynne river,Belfast,IG7X 7ZS
22243274,17114180,79051123,573.47,1,Flat 44,Manchester,E3T 1XA
43844750,38250677,41196942,42.06,4,2 Williams greens,Birmingham,B1F 5YF
34679731,35985868,85584977,72.65,2,49 King island,Glasgow,CA3R 9QW
28736471,64303781,63082690,48.68,1,969 Allen corner,Liverpool,N42 7DY
57197955,77532232,76319599,50.92,3,17 Andrews landing,Bristol,W1F 1WX
34351419,39483948,29041118,12.49,3,7 Brooks valleys,Newcastle,W85 9JG
98215888,69520374,40793538,84.39,3,15 Beverley walks,London,HA1 0HE
55432467,85222025,68895358,99.03,1,8 Ashton lane,Edinburgh,B28 5ZT
37600622,68114479,33353748,28.68,1,5 Michael manors,Cardiff,E3 4PT
98354151,86884280,83521990,22.61,2,4 Hall canyon,Belfast,E3F 8NS
60897232,40706777,33353748,28.68,3,41 Anne cliffs,Manchester,AL3 9XP
27174302,97320509,43240521,82.98,2,Studio 76b,Birmingham,LE6Y 6BU
6880090,96393892,18703140,193.69,4,Studio 17,Glasgow,L0E 5UP
12818653,66323367,25555768,34.68,1,169 Damian hill,Liverpool,S75 3YY
74476156,28727156,64062315,832.06,2,335 O'Donnell locks,Bristol,S01 7ZF
54229116,49601124,67690961,41.31,1,Flat 35L,Newcastle,G0 9SU
87203179,87544293,25230208,897.03,4,Flat 9,London,S8D 9GY
7039611,09242788,80262685,54.48,2,22 Mary plaza,Edinburgh,BN88 7XD
29775885,88590412,96392838,64.14,1,Studio 97,Cardiff,S6 1BR
13305695,21915035,68890420,14.65,3,Flat 9,Belfast,S7E 0AP
47045620,00481988,62201054,30.29,4,98 Dawson corners,Manchester,UB54 9FZ
78272237,99044916,76319599,50.92,3,Flat 14,Birmingham,WF2Y 1TG
85259207,78460914,51547494,22.4,1,Flat 3,Glasgow,S04 5LQ
85050738,69351327,82394037,14.95,2,Flat 3,Liverpool,N5 2TH
94135091,87590337,62975684,948.98,3,497 Austin plain,Bristol,KY1W 8JS
81638689,11137284,55522726,40.17,2,Flat 7,Newcastle,N29 8LW
67701197,51247381,56082116,69.06,3,824 Amy landing,London,S32 4NE
36740814,74090856,65446568,69.16,1,2 Hill meadows,Edinburgh,E0 4BW
62134899,72981150,47952768,9.86,3,525 Declan brook,Cardiff,N60 3SX
17429749,36242322,75941240,13.58,2,Flat 5,Belfast,W9G 2GT
18933594,70823809,18842395,938.89,1,Flat 6,Manchester,S5D 3RJ
20263678,92229152,98998293,20.86,2,Studio 3,Birmingham,TD61 4TF
65852588,96393892,68939958,230.78,2,Flat 16,Glasgow,SP6V 2YS
16406118,26341863,73887935,61.47,1,Studio 08,Liverpool,PE9 3BR
89130054,92291212,94412162,24.35,3,Flat 11y,Bristol,NE3B 2YR
8398007,66714579,12870571,69.17,4,Studio 3,Newcastle,M5 9UY
21464697,42825029,21097867,901.34,3,Flat 35,London,W36 4SA
81404418,67801737,63771881,24.4,1,47 Wilson estates,Edinburgh,BA6 0HD
95443210,72230482,86006498,173.8,1,Flat 7,Cardiff,L7 0FR
65905396,30992678,83402982,31.38,4,85 Sara squares,Belfast,E7U 2YX
81323674,70201723,41418131,31.73,1,Studio 71,Manchester,CM18 7QB
83732767,33232670,25568240,36.07,3,Studio 52,Birmingham,RH9X 5SJ
49060465,65984505,50586176,67.3,3,5 Rose crescent,Glasgow,N80 5ZG
52863679,23994514,61463942,48.97,4,Flat 30,Liverpool,MK1 7FZ
28728390,52384013,95635827,61.45,2,Flat 2,Bristol,IP98 6ZF
62733376,17895266,10435784,15.38,4,059 Power vista,Newcastle,DT2 5PA
17090662,79768536,95327753,707.75,2,5 Smith landing,London,IG74 2JT
53927527,96538737,27424596,81.67,2,3 Carly rapids,Edinburgh,E8 9FA
34579612,00970689,45173530,28.04,3,Studio 89,Cardiff,TA5N 0JG
92203801,79204309,18703140,193.69,2,Studio 8,Belfast,DA7X 9QH
26275589,65274956,59905432,40.92,1,Flat 37g,Manchester,S3U 2PS
29540974,48087151,95776453,22.99,3,Studio 8,Birmingham,M1 3AT
8960862,98870737,80262685,54.48,4,Flat 3,Glasgow,NN6 9EW
6028075,28727156,88649242,6.76,4,453 Davies junctions,Liverpool,DL7 4LP
85008954,30424334,10380107,174.2,3,154 Mohammad mill,Bristol,N9T 4PU
42047500,55137493,74965952,39.92,4,23 Jones cape,Newcastle,G60 4FY
50807661,10619062,44698588,63.92,2,05 Cheryl knolls,London,B00 8HJ
41481804,96670358,94412162,24.35,2,Flat 63,Edinburgh,PE7N 6EG
21793536,21701772,36193499,16.76,2,38 Sian courts,Cardiff,KA83 2FJ
54698492,00836350,81634392,618.02,1,519 Leigh courts,Belfast,HR1 4HX
55420028,82287306,42699570,33.04,4,Studio 37,Manchester,W30 1DS
19868166,05264250,21919926,55.97,4,49 Debra creek,Birmingham,W81 9RQ
18363988,05480490,45599673,88.82,4,Flat 68,Glasgow,LN2Y 7EN
1519925,25638084,96392838,64.14,3,Studio 74C,Liverpool,EX4 3EJ
79797823,18369572,21919926,55.97,1,Flat 07y,Bristol,W4 1WG
97167876,74860955,94891449,75.72,3,Studio 9,Newcastle,DD3 5RZ
29937175,25672508,57644040,79.73,2,822 Ronald road,London,L4 4HL
47128063,64110935,59905432,40.92,4,Studio 1,Edinburgh,N9U 0AE
7291464,72497686,67690961,41.31,2,Flat 44Y,Cardiff,FK98 5QJ
89079594,81274876,87951673,91.72,4,Studio 7,Belfast,G3 3GD
57611334,34313000,76319599,50.92,1,396 Marian underpass,Manchester,KT53 9SJ
62653332,61546724,70526231,49.61,3,713 Rita island,Birmingham,E6E 6TP
46982334,69546043,75946515,35.53,1,Flat 50,Glasgow,M2 6TR
27539016,94440522,22906821,45.81,1,Flat 32,Liverpool,SO0Y 5ZP
70033004,37727218,69894676,15.28,4,Flat 0,Bristol,DL7M 5NY
47978936,88219887,47952768,9.86,4,Studio 40,Newcastle,M0B 4DY
81838915,20527193,69118288,46.55,4,44 Danielle corner,London,PL3E 4AQ
90984313,20618287,03657114,72.8,2,86 Beth village,Edinburgh,M24 9HN
53847625,80755414,89839546,156.17,1,745 Thompson mission,Cardiff,N2H 5TJ
72217779,38388096,56419948,50.48,2,Flat 9,Belfast,BS4 0PD
31976065,11494282,22895462,548.1,3,Studio 08,Manchester,N5 1EZ
16941091,72497686,13157413,56.04,4,Flat 0,Birmingham,B73 5UQ
66241505,38399894,92698470,38.48,4,1 Davis light,Glasgow,G75 3HL
700289,80435684,14529201,509.03,4,Studio 90,Liverpool,L68 4GE
19132569,95411335,33068954,326.25,2,068 Jessica vista,Bristol,TN9B 9ER
99123488,62100520,41196942,42.06,3,77 Jane ferry,Newcastle,BS6V 3GW
59583359,15014830,47952768,9.86,4,Studio 10,London,TS34 0AD
67831290,32332949,67842782,40.55,2,97 Alexandra mission,Edinburgh,OX8X 1BX
13507642,71755589,23324497,72.32,4,Flat 18G,Cardiff,S4 2QX
62223788,25644207,16221641,47.99,4,3 Neil isle,Belfast,G28 1TD
96856893,82707743,45308851,79.57,1,93 Moore mission,Manchester,S3K 2FU
23052057,62744141,58129062,130.51,4,Flat 05,Birmingham,N9K 9ZP
20988299,01727110,10915900,13.81,2,3 Heather road,Glasgow,E74 1UA
95734271,78334252,69894676,15.28,4,39 Francesca turnpike,Liverpool,M57 1HR
80548395,07311941,69084621,87.27,4,32 Fuller turnpike,Bristol,TS3 3BR
1421873,77532232,25555768,34.68,3,Flat 76,Newcastle,CW22 2EX
38630029,29343642,96392838,64.14,4,00 Middleton expressway,London,ZE26 8NF
42331169,47384154,17572222,87.9,2,2 Edwards vista,Edinburgh,L49 5PL
52941322,93828163,40793538,84.39,1,Studio 63,Cardiff,LA34 0BZ
96851889,94739747,49377369,86.65,3,33 Gary radial,Belfast,LA8Y 5HZ
91267331,01546266,25568240,36.07,4,78 Hyde course,Manchester,M53 4WG
78663266,55347329,27106420,76.09,1,Flat 9,Birmingham,N6 6QA
89130932,69777987,98998293,20.86,4,876 Wyatt gateway,Glasgow,FY46 8HY
5171560,06955408,10609692,115.04,1,Flat 03,Liverpool,E5 9EW
87248208,05264250,38685858,63.27,4,4 Molly fords,Bristol,WA7 7WG
76162649,80239790,10915900,13.81,4,339 Edwards forges,Newcastle,G31 2EA
67181761,01546266,17572222,87.9,2,8 Knight land,London,SL08 3UD
44571609,06463299,53972096,41.68,4,Studio 86U,Edinburgh,DH1M 5LJ
51821874,28928855,62201054,30.29,3,0 Jeremy grove,Cardiff,E5 8ZN
27688446,11646435,99003221,31.51,2,7 Moss inlet,Belfast,DE2Y 2JW
76023283,81521894,03657114,72.8,4,345 Martyn cliff,Manchester,L31 4QE
8629861,53008391,41222412,9.07,4,Studio 63V,Birmingham,BD3 7PH
13147676,43605201,74049637,18.33,3,Studio 65,Glasgow,HX0 7TE
73763869,45040302,87053911,39.09,3,923 Chambers via,Liverpool,W7F 5LA
3546060,23480130,02475546,17.55,4,25 Katherine squares,Bristol,CA8H 8FJ
73805323,96437868,40793538,84.39,1,92 Godfrey square,Newcastle,YO1 5ZR
73378453,90563002,47475558,80.83,4,119 Amy spur,London,G0G 7TQ
92632272,70823809,45308851,79.57,4,045 Callum roads,Edinburgh,GU3 2DJ
47649459,93334209,62201054,30.29,1,Flat 09,Cardiff,IV1M 4BG
5933996,42357352,94891449,75.72,4,Studio 40,Belfast,BR55 4XQ
90130238,45371504,40793538,84.39,4,26 Ian squares,Manchester,ME9Y 9HT
76981914,74090856,06424744,8.4,2,0 Gail union,Birmingham,M1G 0FP
70807100,59304408,54229921,17.04,3,Studio 06x,Glasgow,M2 7JN
27062959,08288765,59817651,11.04,1,121 Denis parks,Liverpool,SN8Y 4SX
53710644,34736877,13142164,189.17,1,Flat 8,Bristol,B5 0GL
74540953,64508392,18703140,193.69,3,Studio 66T,Newcastle,L8 6QQ
54441078,98940784,68890420,14.65,3,Flat 56,London,G2 8NU
54922890,21701772,19714736,5.86,3,7 Dorothy loop,Edinburgh,M7H 1AN
39484115,47534798,47760546,156.25,3,19 Martyn neck,Cardiff,ST7A 4QW
47948923,51025663,41196942,42.06,4,161 Brian common,Belfast,N9G 3FE
73902226,07153497,02585942,48.36,1,Flat 59,Manchester,PH7 7FP
1048127,94440522,74049637,18.33,4,184 Allen island,Birmingham,E9 3FS
15662164,21298124,14878853,19.56,1,49 Brown underpass,Glasgow,CM9 9JH
92248321,90562552,55522726,40.17,3,Studio 1,Liverpool,TW8 1RX
39626304,20807540,53846489,342.68,4,Flat 55,Bristol,HS6 8WW
86983207,64733198,90332393,646.68,2,045 Hewitt knolls,Newcastle,E88 3TG
9955266,92158377,60936185,89.37,3,67 Reid terrace,London,WR0B 6PZ
40377337,07217206,49117701,698.72,4,Flat 8,Edinburgh,OL4 9QH
78418254,07219219,41607033,832.11,4,1 Abigail fort,Cardiff,CO75 2DR
69519278,82130711,93679244,11.91,1,Flat 76E,Belfast,N36 8ET
89815286,61165821,02585942,48.36,4,Flat 41O,Manchester,SM8 8BT
91609011,55137493,38685858,63.27,1,27 Mitchell burgs,Birmingham,L31 8LJ
76435058,74596123,06489732,62.51,4,25 Bibi loaf,Glasgow,NE98 5UJ
32300839,59820932,62201054,30.29,3,050 Patel ridges,Liverpool,SO4 9NU
54941595,02318251,82394037,14.95,2,Studio 8,Bristol,BB5R 9DL
18759329,65159020,80262685,54.48,4,Studio 2,Newcastle,HS5H 8HX
37529891,13480726,98667995,70.48,3,Flat 89q,London,KA5 3FR
39377181,46861283,14314613,41.24,4,622 Butler harbor,Edinburgh,E62 2UW
36087767,35985868,75101387,83.53,2,0 Ashleigh crest,Cardiff,BH0P 4PE
63365807,68886014,10688163,61.63,2,Studio 5,Belfast,DN78 0RD
91846211,81698546,82613014,115.06,3,87 Brett shores,Manchester,L9 3UZ
99688495,22822245,38475943,754.68,1,118 Frost underpass,Birmingham,S3 3BZ
99247862,13480726,62201054,30.29,1,6 Williams trafficway,Glasgow,CO8 0FG
28089158,42550292,47833906,23.54,1,6 Briggs lodge,Liverpool,WV32 3PH
72044314,28960174,86006498,173.8,3,Studio 65e,Bristol,ME90 8FH
20404056,42986220,45372526,20.36,3,72 Russell stravenue,Newcastle,B1H 4NZ
92896952,98510546,69894676,15.28,1,173 Howell trail,London,NR9P 1EZ
16574840,13010968,62201054,30.29,3,Studio 9,Edinburgh,RH1 8JW
76383093,73939553,87516684,46.81,3,Studio 53k,Cardiff,WC3H 7FW
83929326,11702817,66912896,58.74,2,Studio 93,Belfast,N5K 7GN
63610670,00481988,16487613,17.49,1,502 Ricky path,Manchester,CH81 8ZU
29264394,79294424,75946515,35.53,3,Studio 95,Birmingham,WR9 2UN
18212685,77107235,54293395,23.55,2,Studio 7,Glasgow,M2 0TW
21993623,34189658,80748724,329.56,2,0 Peter springs,Liverpool,LN5 6ZT
36445207,54844377,59817651,11.04,3,36 Grant loaf,Bristol,G8 8SA
4287841,72973581,98998293,20.86,2,620 Paige lodge,Newcastle,M87 8XB
8157170,68314614,71602929,11.22,4,Flat 45,London,EH0 4NF
22750826,77672091,30330557,57.96,2,69 Elizabeth plains,Edinburgh,RH66 8TP
48158764,16191643,49362178,94.04,2,Flat 01L,Cardiff,BA6E 6UJ
81048209,79204309,49362178,94.04,4,Studio 4,Belfast,BH7 2SP
25192907,46273789,50593588,13.45,4,Studio 79m,Manchester,CR5 3NW
31378711,96437868,44698588,63.92,4,Studio 38l,Birmingham,TQ7 4ND
63359171,27852421,62201054,30.29,3,80 Bryan terrace,Glasgow,BH8 7FX
57856569,28348678,02585942,48.36,1,Flat 2,Liverpool,SR3 2NE
45587776,74090856,67083715,25.61,2,671 Fuller lakes,Bristol,CM9 8AT
64112422,00053828,59336907,532.66,2,19 Jacob spur,Newcastle,M0 2NP
22721751,30288248,45056694,375.4,2,Flat 94l,London,W43 7BD
27555450,99205163,32596846,7.73,4,3 Young walk,Edinburgh,PL19 4AH
2440100,51253482,12847038,8.45,2,Flat 46T,Cardiff,DY8 1JG
65811653,24984944,46277374,34.21,2,576 Smith stravenue,Belfast,M9U 8ZR
75137443,98093447,93397593,5.01,4,14 Taylor branch,Manchester,N2U 0HL
79631391,32063264,60382259,90.44,2,446 Katherine drive,Birmingham,PA77 4AP
74667466,94619520,41700920,908.66,2,34 Reed burgs,Glasgow,G88 3RX
14430639,42896217,87951673,91.72,2,Studio 8,Liverpool,LD7B 0DE
18902337,68114479,47952768,9.86,3,46 Stanley port,Bristol,TA1 3XJ
78640499,23480130,71068318,29.04,1,Flat 64D,Newcastle,G2S 7GJ
22214101,42987318,68195170,23.42,1,879 William fall,London,B2 6RY
34682571,39357137,59336907,532.66,3,Studio 64,Edinburgh,W7J 7FQ
48631686,58394731,96407526,39.26,1,Studio 6,Cardiff,W7S 1GX
95428458,27852421,88147745,96.17,3,Flat 6,Belfast,S21 0GJ
31102585,68832251,15310905,899.26,2,Flat 94Q,Manchester,B0B 7RH
50662748,02001446,40793538,84.39,2,Flat 67u,Birmingham,BT6E 3BA
36963350,26707840,68388837,49.96,4,Studio 49z,Glasgow,B66 0YF
75602651,65524117,34416685,27.05,2,Flat 6,Liverpool,BN8Y 5JT
2367381,43739591,87053911,39.09,3,4 Marie courts,Bristol,FK6 1NE
62149443,42433016,33353748,28.68,1,7 Parkes meadow,Newcastle,E39 2HD
24822623,90519376,69781941,19.85,1,Flat 54x,London,SL7A 8DP
93732243,02937028,63082690,48.68,4,Studio 03,Edinburgh,WR25 6LJ
82975568,46791924,71623970,70.26,3,Studio 62,Cardiff,L66 1TA
69237558,37582027,35632473,77.52,3,Studio 34m,Belfast,M1E 0ZJ
19510832,96538737,73480194,36.59,4,32 Jack corner,Manchester,W3D 7DT
9065749,50089342,79051123,573.47,4,27 Graeme village,Birmingham,PR4 3LJ
47660464,79415371,11554449,84.62,2,Flat 7,Glasgow,N8 9GR
54834756,34189658,94412162,24.35,2,69 Catherine mountain,Liverpool,SP3 6NH
48325803,51025663,27106420,76.09,4,44 Ward passage,Bristol,W6 1YW
46926856,33356616,10380107,174.2,3,Studio 8,Newcastle,E7B 8XJ