promotion_id,discount _start_date,discount_end_date,discount_code,discount_rate
54933481,20/03/2024,13/04/2024,DISCOUNTpdw,2%
07282762,13/04/2024,12/05/2024,DISCOUNTyXp,9%
84941686,25/03/2024,19/04/2024,DISCOUNTwTb,16%
06658756,03/04/2024,15/04/2024,DISCOUNTwah,18%
65582185,10/03/2024,12/03/2024,DISCOUNTiQP,6%
51324617,02/05/2024,22/05/2024,DISCOUNTUtb,2%
85723539,02/04/2024,04/04/2024,DISCOUNTrBI,13%
58838884,30/03/2024,22/04/2024,DISCOUNTlct,3%
72704613,31/03/2024,05/04/2024,DISCOUNTIfu,17%
88689030,23/04/2024,07/05/2024,DISCOUNTALt,11%
55117427,26/04/2024,28/04/2024,DISCOUNTrmY,13%
69422142,18/04/2024,27/04/2024,DISCOUNTJcw,9%
15700805,18/03/2024,29/03/2024,DISCOUNTVWO,19%
18469005,16/03/2024,27/03/2024,DISCOUNTWnX,2%
57213297,26/04/2024,23/05/2024,DISCOUNTGJv,1%
78873549,20/04/2024,11/05/2024,DISCOUNTmUM,4%
03299342,05/04/2024,22/04/2024,DISCOUNTQoY,8%
88561968,07/04/2024,01/05/2024,DISCOUNTvZa,7%
69665340,03/04/2024,26/04/2024,DISCOUNTqHE,9%
74044017,14/04/2024,19/04/2024,DISCOUNTNky,12%
88479218,30/03/2024,01/04/2024,DISCOUNTuQG,3%
09988948,29/04/2024,08/05/2024,DISCOUNTkcy,11%
65347115,18/03/2024,22/03/2024,DISCOUNTcFX,16%
46316291,16/04/2024,17/04/2024,DISCOUNTmqf,9%
15827683,16/04/2024,06/05/2024,DISCOUNTSAw,2%
72875705,14/04/2024,22/04/2024,DISCOUNTJJP,10%
90252019,08/03/2024,20/03/2024,DISCOUNTuor,3%
81487561,10/03/2024,31/03/2024,DISCOUNTmbg,18%
31484602,17/04/2024,13/05/2024,DISCOUNTXkr,13%
05725699,05/05/2024,12/05/2024,DISCOUNTqDg,11%
82448698,03/04/2024,04/04/2024,DISCOUNTwbs,1%
78567096,30/03/2024,28/04/2024,DISCOUNTVEi,13%
99812905,15/04/2024,03/05/2024,DISCOUNTlRi,6%
26109321,28/03/2024,10/04/2024,DISCOUNTcvU,16%
80496528,22/03/2024,02/04/2024,DISCOUNTZAV,5%
75511571,01/04/2024,22/04/2024,DISCOUNTXFz,11%
92738754,25/04/2024,20/05/2024,DISCOUNTpgE,11%
79424789,17/03/2024,21/03/2024,DISCOUNTtRI,16%
52296059,07/03/2024,29/03/2024,DISCOUNTyXn,2%
51013429,20/04/2024,24/04/2024,DISCOUNTUqt,15%
33825144,17/04/2024,22/04/2024,DISCOUNThqp,6%
56865367,16/04/2024,18/04/2024,DISCOUNTClb,3%
34986022,02/04/2024,10/04/2024,DISCOUNTRDN,19%
26846656,04/04/2024,27/04/2024,DISCOUNTNTt,2%
66666099,04/05/2024,27/05/2024,DISCOUNTruS,9%
92610092,25/04/2024,08/05/2024,DISCOUNTgAa,2%
13056301,09/04/2024,08/05/2024,DISCOUNTSxf,5%
39424676,06/04/2024,13/04/2024,DISCOUNTmmI,16%
24113889,10/03/2024,21/03/2024,DISCOUNTjte,15%
26727295,29/04/2024,21/05/2024,DISCOUNTRyF,8%
20118799,08/04/2024,15/04/2024,DISCOUNTwlq,11%
40407963,20/04/2024,09/05/2024,DISCOUNTDWo,8%
97779070,08/03/2024,18/03/2024,DISCOUNTdkV,5%
68394931,12/04/2024,07/05/2024,DISCOUNTBmK,8%
88258124,29/03/2024,19/04/2024,DISCOUNTajQ,14%
55999829,27/04/2024,02/05/2024,DISCOUNTgJm,8%
22486205,12/03/2024,13/03/2024,DISCOUNTiZy,6%
11343917,03/05/2024,11/05/2024,DISCOUNTjvI,16%
21710331,24/03/2024,08/04/2024,DISCOUNTbcl,19%
93513368,15/03/2024,05/04/2024,DISCOUNTuyO,2%
33363590,10/04/2024,17/04/2024,DISCOUNTepT,16%
66657885,30/03/2024,13/04/2024,DISCOUNTEJC,2%
49116358,23/04/2024,22/05/2024,DISCOUNTlro,7%
35520668,08/03/2024,20/03/2024,DISCOUNTXpi,19%
68118332,08/03/2024,16/03/2024,DISCOUNTDHa,4%
71262428,05/04/2024,30/04/2024,DISCOUNTbWD,16%
42520236,07/03/2024,22/03/2024,DISCOUNTgpU,12%
18352316,24/04/2024,18/05/2024,DISCOUNTuiG,3%
46819529,24/04/2024,09/05/2024,DISCOUNTTuf,14%
07927682,19/04/2024,06/05/2024,DISCOUNTtrG,10%
71095381,10/03/2024,17/03/2024,DISCOUNTTMP,16%
31451782,25/04/2024,13/05/2024,DISCOUNTigy,2%
64513121,25/03/2024,10/04/2024,DISCOUNTdxO,14%
06617157,24/04/2024,16/05/2024,DISCOUNToJw,19%
37298195,27/03/2024,08/04/2024,DISCOUNTrIZ,2%
78833265,25/04/2024,18/05/2024,DISCOUNTSaE,7%
41938729,23/03/2024,25/03/2024,DISCOUNTLIL,17%
15919767,21/03/2024,13/04/2024,DISCOUNTyni,18%
57144146,08/03/2024,28/03/2024,DISCOUNTSZP,17%
14932848,26/03/2024,08/04/2024,DISCOUNTAzq,7%
45099871,05/05/2024,15/05/2024,DISCOUNTdGE,14%
44443045,02/05/2024,29/05/2024,DISCOUNTgMK,16%
41216231,02/04/2024,08/04/2024,DISCOUNTbjM,8%
50655329,13/04/2024,09/05/2024,DISCOUNThTi,13%
95907196,04/05/2024,26/05/2024,DISCOUNTPyQ,16%
22617365,09/04/2024,30/04/2024,DISCOUNTgGl,4%
72619174,20/04/2024,06/05/2024,DISCOUNTAGY,1%
42879584,10/03/2024,21/03/2024,DISCOUNTveG,2%
23341094,04/04/2024,29/04/2024,DISCOUNTGjA,18%
26754000,01/04/2024,20/04/2024,DISCOUNTXNq,8%
92824994,08/04/2024,01/05/2024,DISCOUNTqZP,12%
06289861,03/04/2024,15/04/2024,DISCOUNTuQY,15%
39372520,22/03/2024,16/04/2024,DISCOUNTOgb,10%
88662906,21/04/2024,19/05/2024,DISCOUNTntm,9%
05268001,16/04/2024,12/05/2024,DISCOUNTHNG,8%
54162073,08/03/2024,06/04/2024,DISCOUNTnqI,1%
29463778,31/03/2024,18/04/2024,DISCOUNTGNw,8%
91952004,29/03/2024,03/04/2024,DISCOUNTJSt,13%
05874637,16/03/2024,22/03/2024,DISCOUNTvXL,18%
62442515,22/04/2024,04/05/2024,DISCOUNTWqZ,8%
95328469,25/04/2024,30/04/2024,DISCOUNTpCD,15%
20692036,22/04/2024,08/05/2024,DISCOUNTWAF,16%
98357052,31/03/2024,13/04/2024,DISCOUNTbdz,16%
77106059,21/03/2024,28/03/2024,DISCOUNTtIG,6%
62290744,09/03/2024,04/04/2024,DISCOUNTbGS,18%
61756202,31/03/2024,02/04/2024,DISCOUNTriu,10%
70584201,30/04/2024,24/05/2024,DISCOUNTzHn,1%
96739768,07/03/2024,08/03/2024,DISCOUNTXEc,1%
81119080,24/03/2024,16/04/2024,DISCOUNTAgK,1%
96349990,23/03/2024,08/04/2024,DISCOUNTCXx,12%
70118317,12/03/2024,07/04/2024,DISCOUNTIxS,4%
16041379,30/03/2024,31/03/2024,DISCOUNTlkM,10%
13032539,05/05/2024,30/05/2024,DISCOUNTjIk,4%
22443303,18/03/2024,28/03/2024,DISCOUNTENt,5%
65149722,04/04/2024,22/04/2024,DISCOUNTiOE,11%
65236544,25/03/2024,01/04/2024,DISCOUNTUKx,13%
86161726,29/04/2024,06/05/2024,DISCOUNTxcj,3%
11893132,21/03/2024,10/04/2024,DISCOUNTnnA,5%
02094218,20/04/2024,02/05/2024,DISCOUNTqSo,10%
05471733,15/03/2024,31/03/2024,DISCOUNTgKq,13%
94418534,26/03/2024,18/04/2024,DISCOUNTDKa,17%
96278531,16/04/2024,13/05/2024,DISCOUNTHHu,9%
13972765,01/04/2024,09/04/2024,DISCOUNTLBE,16%
79113773,30/03/2024,12/04/2024,DISCOUNTiOn,1%
37563689,03/04/2024,21/04/2024,DISCOUNTzSW,16%
69093494,08/03/2024,02/04/2024,DISCOUNTicK,11%
44773792,07/04/2024,16/04/2024,DISCOUNTVuC,10%
93644691,01/04/2024,03/04/2024,DISCOUNTeos,3%
06011590,28/04/2024,05/05/2024,DISCOUNTdlF,13%
11096781,25/04/2024,20/05/2024,DISCOUNThWV,6%
98629492,19/04/2024,11/05/2024,DISCOUNTTKB,19%
91221698,30/04/2024,15/05/2024,DISCOUNTMmP,8%
24484419,16/04/2024,18/04/2024,DISCOUNTmKV,11%
58061674,30/04/2024,09/05/2024,DISCOUNTjoO,8%
51920932,25/04/2024,08/05/2024,DISCOUNTptP,1%
41240698,30/04/2024,24/05/2024,DISCOUNTIhh,1%
39869426,13/03/2024,02/04/2024,DISCOUNTmCi,16%
95670337,21/04/2024,14/05/2024,DISCOUNTxEy,13%
81642630,12/03/2024,20/03/2024,DISCOUNToSG,6%
89592928,06/04/2024,03/05/2024,DISCOUNTVCV,1%
28807242,21/04/2024,24/04/2024,DISCOUNTSBi,19%
85611493,30/04/2024,14/05/2024,DISCOUNTPwn,16%
56637254,13/04/2024,03/05/2024,DISCOUNTuoG,6%
98314797,09/04/2024,22/04/2024,DISCOUNTriE,12%
24939118,27/03/2024,01/04/2024,DISCOUNTnzr,7%
42718975,25/03/2024,09/04/2024,DISCOUNTPUd,16%
97007668,23/03/2024,11/04/2024,DISCOUNTmle,12%
51275098,13/04/2024,20/04/2024,DISCOUNTblx,8%
31984154,17/03/2024,23/03/2024,DISCOUNTRwa,7%
10628001,07/04/2024,12/04/2024,DISCOUNTTCU,8%
20508778,05/05/2024,15/05/2024,DISCOUNTdVs,17%
50393111,15/04/2024,07/05/2024,DISCOUNTEjb,9%
23210154,08/03/2024,12/03/2024,DISCOUNTaMb,15%
39320926,13/03/2024,19/03/2024,DISCOUNTPMw,7%
32011648,29/04/2024,23/05/2024,DISCOUNTvlb,8%
29841042,18/04/2024,19/04/2024,DISCOUNTIIj,18%
84387861,20/04/2024,10/05/2024,DISCOUNTBjN,12%
89922693,04/05/2024,05/05/2024,DISCOUNTFCP,18%
38433447,02/04/2024,23/04/2024,DISCOUNTgsO,8%
16611688,13/03/2024,15/03/2024,DISCOUNTxRg,6%
32755438,14/04/2024,02/05/2024,DISCOUNTrbV,2%
32879425,13/03/2024,04/04/2024,DISCOUNTSrI,11%
84800544,07/03/2024,13/03/2024,DISCOUNTmPC,17%
85918589,28/03/2024,23/04/2024,DISCOUNTiKh,12%
74872888,20/04/2024,09/05/2024,DISCOUNTZoF,11%
57106486,24/03/2024,07/04/2024,DISCOUNTbOm,12%
12728461,12/04/2024,16/04/2024,DISCOUNTIqn,10%
15283341,04/05/2024,25/05/2024,DISCOUNTPPr,5%
58421036,07/03/2024,17/03/2024,DISCOUNTLRv,9%
40122903,15/03/2024,04/04/2024,DISCOUNTTZu,19%
08839288,05/05/2024,23/05/2024,DISCOUNThqv,10%
64355164,05/05/2024,14/05/2024,DISCOUNTadx,3%
41391117,26/04/2024,10/05/2024,DISCOUNTNqb,16%
09082999,29/03/2024,24/04/2024,DISCOUNTTse,4%
20004510,29/03/2024,12/04/2024,DISCOUNTywx,14%
57507677,20/03/2024,22/03/2024,DISCOUNTnBJ,15%
22930318,16/03/2024,21/03/2024,DISCOUNTGBx,9%
74110642,28/04/2024,09/05/2024,DISCOUNTgbP,7%
86728589,25/04/2024,05/05/2024,DISCOUNTMCE,14%
13510401,01/05/2024,10/05/2024,DISCOUNTFkr,14%
85038610,23/04/2024,07/05/2024,DISCOUNThpK,15%
46758024,28/04/2024,21/05/2024,DISCOUNTuAc,10%
78519967,21/04/2024,16/05/2024,DISCOUNTlCY,16%
51146000,15/04/2024,19/04/2024,DISCOUNTbYh,4%
35307790,07/04/2024,05/05/2024,DISCOUNTuSS,14%
72626164,22/03/2024,07/04/2024,DISCOUNTHtH,9%
50448972,01/05/2024,05/05/2024,DISCOUNTtwU,9%
64853619,27/04/2024,12/05/2024,DISCOUNTjoD,19%
96737567,21/04/2024,30/04/2024,DISCOUNTKBc,1%
55123011,29/03/2024,10/04/2024,DISCOUNTBcz,3%
04156834,24/03/2024,18/04/2024,DISCOUNTvvv,15%
63559423,31/03/2024,07/04/2024,DISCOUNTkap,5%
97427458,27/03/2024,28/03/2024,DISCOUNThHr,16%
34447288,25/04/2024,26/04/2024,DISCOUNTHXA,6%
00481405,27/04/2024,04/05/2024,DISCOUNTyBc,16%
55438075,13/03/2024,15/03/2024,DISCOUNTIio,12%
86558105,26/04/2024,01/05/2024,DISCOUNTVtM,18%
96685080,23/03/2024,30/03/2024,DISCOUNTRqv,11%
37739485,26/04/2024,03/05/2024,DISCOUNTLqx,10%
24216371,01/05/2024,11/05/2024,DISCOUNTxGV,14%
00920329,10/04/2024,17/04/2024,DISCOUNTcqr,13%
49174054,04/05/2024,26/05/2024,DISCOUNTGjQ,8%
20639114,18/04/2024,30/04/2024,DISCOUNTFwu,12%
32944076,11/03/2024,19/03/2024,DISCOUNTLfk,7%
78627773,24/03/2024,04/04/2024,DISCOUNTmqn,9%
08404824,05/04/2024,25/04/2024,DISCOUNTAXD,16%
48386859,24/04/2024,16/05/2024,DISCOUNTAdY,1%
19532993,04/04/2024,22/04/2024,DISCOUNTeKY,5%
05644627,13/04/2024,18/04/2024,DISCOUNTUcC,15%
51561800,24/03/2024,03/04/2024,DISCOUNTWIJ,6%
23467623,16/04/2024,19/04/2024,DISCOUNTULN,11%
87965832,31/03/2024,23/04/2024,DISCOUNTspm,14%
25595734,22/04/2024,03/05/2024,DISCOUNTWtH,8%
85791349,01/04/2024,18/04/2024,DISCOUNTdCd,5%
66691334,18/03/2024,01/04/2024,DISCOUNTLtF,6%
14478972,25/04/2024,30/04/2024,DISCOUNTonp,17%
05756053,09/04/2024,23/04/2024,DISCOUNTLcJ,9%
27269499,02/04/2024,06/04/2024,DISCOUNTNwL,12%
31392655,30/03/2024,05/04/2024,DISCOUNTGHl,15%
45169032,30/04/2024,21/05/2024,DISCOUNTuCl,13%
19613515,09/04/2024,04/05/2024,DISCOUNTCrR,12%
19778140,21/03/2024,07/04/2024,DISCOUNTzPL,2%
40566478,15/03/2024,12/04/2024,DISCOUNTXRw,9%
36728389,31/03/2024,17/04/2024,DISCOUNTLeH,16%
01765174,30/04/2024,15/05/2024,DISCOUNTeko,7%
99312447,01/05/2024,11/05/2024,DISCOUNTzks,12%
91727801,05/04/2024,26/04/2024,DISCOUNTQgO,2%
90430212,22/03/2024,30/03/2024,DISCOUNTyoL,11%
33907823,20/04/2024,07/05/2024,DISCOUNTdmm,9%
79010084,22/03/2024,18/04/2024,DISCOUNTmwg,8%
59787142,15/03/2024,09/04/2024,DISCOUNTBNL,6%
85603826,01/04/2024,07/04/2024,DISCOUNTDwJ,6%
32003144,09/04/2024,28/04/2024,DISCOUNTpBx,13%
16600311,07/04/2024,18/04/2024,DISCOUNTcRG,4%
51401418,20/04/2024,07/05/2024,DISCOUNTXkK,10%
09869762,30/03/2024,15/04/2024,DISCOUNTkKr,5%
97804206,08/03/2024,23/03/2024,DISCOUNTbTs,16%
07708447,13/03/2024,25/03/2024,DISCOUNTBMB,19%
27133220,07/04/2024,12/04/2024,DISCOUNTNfO,10%
29839581,06/04/2024,14/04/2024,DISCOUNTEDf,6%
92897954,20/04/2024,24/04/2024,DISCOUNTBuY,18%
18134322,25/04/2024,22/05/2024,DISCOUNTZJF,16%
56075861,06/04/2024,17/04/2024,DISCOUNToLg,8%
67002779,10/03/2024,05/04/2024,DISCOUNTqHR,8%
19783756,08/04/2024,17/04/2024,DISCOUNThpy,14%
30459938,20/03/2024,14/04/2024,DISCOUNThSc,4%
69582915,29/04/2024,15/05/2024,DISCOUNTSIM,13%
80216215,26/04/2024,24/05/2024,DISCOUNToeN,9%
71722296,11/04/2024,13/04/2024,DISCOUNTxnx,6%
78480748,07/04/2024,26/04/2024,DISCOUNTmQm,17%
05680230,12/04/2024,03/05/2024,DISCOUNTeuI,3%
22185612,28/04/2024,23/05/2024,DISCOUNTqHp,11%
31674865,21/03/2024,31/03/2024,DISCOUNThlM,19%
51388965,14/04/2024,21/04/2024,DISCOUNTqvL,8%
31304107,01/04/2024,14/04/2024,DISCOUNTExb,9%
29488127,27/03/2024,01/04/2024,DISCOUNTbrh,17%
27754136,30/03/2024,04/04/2024,DISCOUNTkOT,5%
96150301,09/04/2024,02/05/2024,DISCOUNTEkM,2%
46427763,19/03/2024,07/04/2024,DISCOUNTZYA,12%
20448035,13/03/2024,20/03/2024,DISCOUNTWly,12%
80967534,15/04/2024,30/04/2024,DISCOUNTspb,19%
93073541,03/04/2024,24/04/2024,DISCOUNTHiB,17%
83120115,15/04/2024,11/05/2024,DISCOUNTYcc,8%
54899758,14/04/2024,12/05/2024,DISCOUNTyYf,15%
54589071,09/04/2024,21/04/2024,DISCOUNTVoZ,14%
36977069,20/03/2024,14/04/2024,DISCOUNTrJR,8%
23390594,05/05/2024,24/05/2024,DISCOUNTEUS,13%
96304324,11/04/2024,09/05/2024,DISCOUNTskZ,12%
55473172,09/04/2024,19/04/2024,DISCOUNTiWi,14%
29345548,10/03/2024,22/03/2024,DISCOUNTKaK,7%
83127343,08/04/2024,02/05/2024,DISCOUNTHNW,5%
54010358,20/04/2024,17/05/2024,DISCOUNTxdE,15%
51308698,16/04/2024,01/05/2024,DISCOUNTATO,9%
14983486,09/04/2024,27/04/2024,DISCOUNTGVX,15%
48822529,29/04/2024,13/05/2024,DISCOUNTXYJ,10%
11340210,25/03/2024,15/04/2024,DISCOUNTkru,10%
79353373,02/04/2024,18/04/2024,DISCOUNTEtR,16%
50491510,25/04/2024,23/05/2024,DISCOUNTHcU,16%
29526815,05/04/2024,30/04/2024,DISCOUNTiFl,5%
44492783,22/03/2024,08/04/2024,DISCOUNTsvt,15%
24953428,27/04/2024,18/05/2024,DISCOUNTser,4%
33646657,08/03/2024,05/04/2024,DISCOUNTnGC,12%
66372382,12/04/2024,15/04/2024,DISCOUNTpQK,6%
70741937,30/04/2024,05/05/2024,DISCOUNTDVB,7%
31747098,23/03/2024,02/04/2024,DISCOUNTFge,1%
98950509,09/04/2024,23/04/2024,DISCOUNTttI,13%
87563305,12/03/2024,06/04/2024,DISCOUNTKle,5%
48827864,22/03/2024,05/04/2024,DISCOUNTWiY,19%
21870586,15/04/2024,02/05/2024,DISCOUNTUmK,9%
91406335,01/05/2024,15/05/2024,DISCOUNTtOy,18%
53189781,13/04/2024,18/04/2024,DISCOUNTPIg,15%
12368940,10/04/2024,22/04/2024,DISCOUNTDRO,10%
16880924,08/04/2024,12/04/2024,DISCOUNTgeG,1%
74018423,03/04/2024,23/04/2024,DISCOUNTGkP,1%
55833015,15/03/2024,12/04/2024,DISCOUNTZKK,17%
03915749,08/04/2024,04/05/2024,DISCOUNTGeB,1%
89129649,24/04/2024,07/05/2024,DISCOUNTLBs,7%
32638252,13/03/2024,25/03/2024,DISCOUNTAbC,15%
75067316,18/04/2024,28/04/2024,DISCOUNTEXW,4%
98002202,05/04/2024,25/04/2024,DISCOUNTzUV,8%
19394509,22/04/2024,28/04/2024,DISCOUNTuPk,14%
74846542,23/03/2024,06/04/2024,DISCOUNTnOM,9%
97522787,14/04/2024,10/05/2024,DISCOUNTBai,1%
83095078,04/05/2024,28/05/2024,DISCOUNTAuC,19%
74157427,21/03/2024,30/03/2024,DISCOUNTbru,12%
53537316,03/04/2024,02/05/2024,DISCOUNTzps,15%
04448805,16/03/2024,14/04/2024,DISCOUNTNKc,10%
63219097,03/05/2024,04/05/2024,DISCOUNTStZ,15%
28399411,09/04/2024,22/04/2024,DISCOUNTmdJ,14%
22004411,11/03/2024,14/03/2024,DISCOUNTnXu,18%
94776675,25/03/2024,28/03/2024,DISCOUNTEHg,11%
04212420,02/04/2024,04/04/2024,DISCOUNTZlt,6%
06093147,12/03/2024,15/03/2024,DISCOUNTQxi,15%
61752851,25/03/2024,06/04/2024,DISCOUNTrgP,16%
61084711,24/03/2024,26/03/2024,DISCOUNToFx,3%
77653225,08/04/2024,07/05/2024,DISCOUNTJkR,18%
95473542,02/04/2024,28/04/2024,DISCOUNThIl,11%
22231928,14/03/2024,21/03/2024,DISCOUNTUnN,14%
54649519,01/05/2024,23/05/2024,DISCOUNTTxk,12%
33152621,15/03/2024,26/03/2024,DISCOUNTSaH,12%
23734228,24/03/2024,09/04/2024,DISCOUNTkFf,15%
75767682,15/04/2024,08/05/2024,DISCOUNTORh,17%
99199129,17/04/2024,10/05/2024,DISCOUNTPXF,4%
04780377,12/04/2024,28/04/2024,DISCOUNTYGl,7%
80895904,02/04/2024,03/04/2024,DISCOUNTCOr,5%
18373881,19/03/2024,08/04/2024,DISCOUNTNZd,15%
57260858,31/03/2024,12/04/2024,DISCOUNThYw,15%
47935438,29/03/2024,17/04/2024,DISCOUNTpFE,13%
43877436,26/03/2024,08/04/2024,DISCOUNToRK,18%
64037760,22/04/2024,26/04/2024,DISCOUNTdXi,11%
25920084,12/04/2024,29/04/2024,DISCOUNTCYR,17%
77817037,24/04/2024,11/05/2024,DISCOUNTTlt,18%
31041875,25/04/2024,14/05/2024,DISCOUNTvmp,9%
26324572,18/04/2024,09/05/2024,DISCOUNTJos,16%
40685027,17/03/2024,29/03/2024,DISCOUNTLMK,11%
70292261,29/04/2024,26/05/2024,DISCOUNTpMG,9%
90479230,09/04/2024,04/05/2024,DISCOUNTGej,5%
59609196,09/04/2024,13/04/2024,DISCOUNTTJF,19%
19176593,05/04/2024,21/04/2024,DISCOUNTmpV,18%
10717579,07/04/2024,08/04/2024,DISCOUNTSam,6%
92465096,18/03/2024,01/04/2024,DISCOUNTCwf,6%
96103806,07/04/2024,01/05/2024,DISCOUNTlKb,5%
51597184,30/04/2024,12/05/2024,DISCOUNTFvy,18%
08311973,22/04/2024,17/05/2024,DISCOUNTcMH,10%
44306362,01/04/2024,27/04/2024,DISCOUNTZXR,17%
79084215,29/04/2024,22/05/2024,DISCOUNTovS,12%
10667859,18/03/2024,07/04/2024,DISCOUNTRFd,5%
33506554,04/04/2024,28/04/2024,DISCOUNTbrG,16%
61978385,14/03/2024,24/03/2024,DISCOUNTcuD,3%
52051330,26/04/2024,30/04/2024,DISCOUNTMAN,12%
10149479,23/03/2024,24/03/2024,DISCOUNTKyc,5%
01202416,22/04/2024,10/05/2024,DISCOUNTiOD,9%
10901663,07/04/2024,19/04/2024,DISCOUNTpbS,9%
77013343,22/04/2024,26/04/2024,DISCOUNTDHX,7%
26403272,10/03/2024,18/03/2024,DISCOUNTLUS,12%
21575953,12/04/2024,03/05/2024,DISCOUNTPMF,17%
12012063,30/03/2024,12/04/2024,DISCOUNTQdf,14%
24237788,12/03/2024,29/03/2024,DISCOUNTHYX,6%
51973050,05/05/2024,23/05/2024,DISCOUNTBXM,1%
85381144,01/05/2024,15/05/2024,DISCOUNTtGd,5%
11692745,09/03/2024,01/04/2024,DISCOUNTnif,12%
82497238,19/04/2024,10/05/2024,DISCOUNTnqe,1%
43474536,08/03/2024,11/03/2024,DISCOUNTyHv,13%
37428657,08/03/2024,18/03/2024,DISCOUNToCu,12%
21408030,23/04/2024,27/04/2024,DISCOUNTrAX,16%
42990425,29/04/2024,28/05/2024,DISCOUNTlbc,17%
81814063,22/04/2024,18/05/2024,DISCOUNTLLM,4%
06283094,04/05/2024,21/05/2024,DISCOUNTqvW,16%
23587518,22/03/2024,01/04/2024,DISCOUNTqRi,4%
90258275,03/05/2024,06/05/2024,DISCOUNTaaL,3%
89225544,02/05/2024,24/05/2024,DISCOUNTfrh,18%
31039377,07/04/2024,23/04/2024,DISCOUNTkWS,12%
99413568,07/03/2024,20/03/2024,DISCOUNTIAP,12%
36736787,05/05/2024,30/05/2024,DISCOUNTTSu,17%
22699083,06/04/2024,08/04/2024,DISCOUNTCoe,16%
66090857,30/04/2024,01/05/2024,DISCOUNTNxs,19%
17943515,08/04/2024,18/04/2024,DISCOUNTqny,11%
57446313,15/04/2024,27/04/2024,DISCOUNTgHC,19%
18614781,18/04/2024,12/05/2024,DISCOUNToKA,12%
49726117,01/04/2024,11/04/2024,DISCOUNTOdN,19%
07453133,20/04/2024,07/05/2024,DISCOUNTczW,6%
27802675,27/04/2024,25/05/2024,DISCOUNTFoj,10%
78643822,28/04/2024,14/05/2024,DISCOUNTESs,9%
18462183,09/04/2024,13/04/2024,DISCOUNTPGq,8%
03400182,15/03/2024,22/03/2024,DISCOUNTbMR,12%
08722247,22/03/2024,07/04/2024,DISCOUNTPeP,5%
67948475,18/03/2024,08/04/2024,DISCOUNTzlN,4%
73329214,30/03/2024,21/04/2024,DISCOUNToMX,12%
16109536,26/03/2024,10/04/2024,DISCOUNTsdG,4%
73261098,07/04/2024,29/04/2024,DISCOUNTodJ,19%
60363280,11/03/2024,30/03/2024,DISCOUNTagw,5%
49370677,04/04/2024,15/04/2024,DISCOUNTZUB,16%
00202839,14/04/2024,07/05/2024,DISCOUNTZHY,11%
65142406,02/05/2024,11/05/2024,DISCOUNTIQu,8%
69498659,26/03/2024,18/04/2024,DISCOUNTOBH,13%
56225387,22/04/2024,27/04/2024,DISCOUNTvID,13%
09954913,20/03/2024,22/03/2024,DISCOUNTMbC,1%
14686079,24/03/2024,12/04/2024,DISCOUNTWDe,12%
67920998,16/03/2024,27/03/2024,DISCOUNTazN,16%
25954730,05/05/2024,24/05/2024,DISCOUNTOWW,7%
14103946,31/03/2024,05/04/2024,DISCOUNTypb,4%
37501058,16/03/2024,17/03/2024,DISCOUNTRbQ,1%
17972713,25/03/2024,23/04/2024,DISCOUNTlgb,5%
10549268,27/03/2024,23/04/2024,DISCOUNToSE,4%
20426755,07/03/2024,08/03/2024,DISCOUNTyxK,17%
99260084,23/03/2024,03/04/2024,DISCOUNTzLy,19%
16111324,28/03/2024,20/04/2024,DISCOUNTgoc,12%
44589125,10/04/2024,15/04/2024,DISCOUNTNak,14%
86255644,22/04/2024,09/05/2024,DISCOUNTScZ,6%
41717735,04/04/2024,27/04/2024,DISCOUNTmGT,8%
20374249,10/03/2024,12/03/2024,DISCOUNTtzT,2%
06732214,15/04/2024,14/05/2024,DISCOUNTnFy,14%
33852092,03/04/2024,23/04/2024,DISCOUNTlQm,12%
11049229,22/04/2024,02/05/2024,DISCOUNTrsY,16%
53579310,05/05/2024,19/05/2024,DISCOUNTcGZ,8%
43158800,11/03/2024,14/03/2024,DISCOUNTyqs,13%
61501746,12/04/2024,22/04/2024,DISCOUNTpiZ,14%
63140028,04/05/2024,07/05/2024,DISCOUNTroM,4%
16819757,13/04/2024,25/04/2024,DISCOUNTPQG,11%
29998410,28/03/2024,11/04/2024,DISCOUNTEIP,17%
84024960,30/03/2024,15/04/2024,DISCOUNTDyt,14%
92218905,27/03/2024,13/04/2024,DISCOUNTtjV,1%
18903971,07/03/2024,13/03/2024,DISCOUNTRSq,1%
26852973,13/04/2024,11/05/2024,DISCOUNTSRJ,17%
04316331,12/03/2024,24/03/2024,DISCOUNTnWj,15%
41742385,12/03/2024,21/03/2024,DISCOUNTrPV,17%
95776221,15/04/2024,13/05/2024,DISCOUNTaTY,17%
47129209,12/03/2024,10/04/2024,DISCOUNTDHF,16%
91906116,10/03/2024,20/03/2024,DISCOUNTEmu,9%
34058416,02/05/2024,24/05/2024,DISCOUNTmov,3%
64047751,13/04/2024,23/04/2024,DISCOUNTsDq,7%
04987195,29/03/2024,06/04/2024,DISCOUNTZNm,18%
95494684,01/04/2024,22/04/2024,DISCOUNTIjn,19%
06418477,29/03/2024,19/04/2024,DISCOUNTXIn,18%
21931106,12/03/2024,02/04/2024,DISCOUNTdsS,18%
48582318,07/03/2024,30/03/2024,DISCOUNTKXC,11%
88185479,18/03/2024,28/03/2024,DISCOUNTpRo,13%
00898249,01/05/2024,07/05/2024,DISCOUNTzmR,11%
82637969,26/04/2024,16/05/2024,DISCOUNTjQF,9%
35490368,09/04/2024,01/05/2024,DISCOUNTwjT,6%
23097671,20/04/2024,16/05/2024,DISCOUNTDRC,9%
77662033,06/04/2024,13/04/2024,DISCOUNTGbE,5%
67477045,29/03/2024,27/04/2024,DISCOUNThvc,17%
15398168,17/03/2024,08/04/2024,DISCOUNTwZr,10%
25227990,28/03/2024,06/04/2024,DISCOUNTYpN,17%
97978294,06/04/2024,24/04/2024,DISCOUNTCAh,16%
88479423,14/03/2024,18/03/2024,DISCOUNTebK,18%
50219779,24/04/2024,05/05/2024,DISCOUNTBhw,16%
35640970,17/04/2024,06/05/2024,DISCOUNTUmz,14%
70975764,16/04/2024,15/05/2024,DISCOUNTpGb,5%
57518775,08/04/2024,22/04/2024,DISCOUNTjta,2%
81291568,11/04/2024,27/04/2024,DISCOUNTZRA,9%
06762578,14/03/2024,29/03/2024,DISCOUNTxzl,17%
21407216,10/03/2024,31/03/2024,DISCOUNTFVq,5%
95294918,30/04/2024,12/05/2024,DISCOUNTfSd,19%
45387797,16/04/2024,25/04/2024,DISCOUNTONX,9%
88506109,17/04/2024,07/05/2024,DISCOUNTOyr,19%
23215543,19/03/2024,05/04/2024,DISCOUNTlwa,13%
31444099,13/03/2024,07/04/2024,DISCOUNTohi,13%
16203043,16/03/2024,13/04/2024,DISCOUNTWfN,1%
61243011,08/04/2024,02/05/2024,DISCOUNTVgo,16%
70064130,04/04/2024,12/04/2024,DISCOUNTpUg,16%
66323530,09/04/2024,07/05/2024,DISCOUNTUBj,5%
27065374,06/04/2024,03/05/2024,DISCOUNTfTC,19%
00259579,17/03/2024,15/04/2024,DISCOUNTVqT,9%
94037521,26/03/2024,20/04/2024,DISCOUNTwga,10%
21972513,04/04/2024,21/04/2024,DISCOUNTrOL,1%
99657195,11/03/2024,07/04/2024,DISCOUNTvce,3%
27037400,01/04/2024,15/04/2024,DISCOUNTWrx,13%
48799417,12/03/2024,21/03/2024,DISCOUNTSIJ,6%
02365130,25/04/2024,05/05/2024,DISCOUNTzJN,17%
42037599,14/04/2024,17/04/2024,DISCOUNTCwG,17%
62187430,15/03/2024,20/03/2024,DISCOUNTNpI,1%
27113613,26/03/2024,28/03/2024,DISCOUNTfOo,14%
65107901,18/04/2024,24/04/2024,DISCOUNTTWm,6%
52402548,13/04/2024,18/04/2024,DISCOUNTvPv,11%
89674326,03/04/2024,24/04/2024,DISCOUNTdBO,18%
43082073,25/04/2024,13/05/2024,DISCOUNTQgm,18%
56488038,06/04/2024,29/04/2024,DISCOUNTsuN,12%
61243590,11/03/2024,08/04/2024,DISCOUNTQqo,13%
49227789,11/03/2024,03/04/2024,DISCOUNTwCg,15%
80701669,20/04/2024,19/05/2024,DISCOUNTTIn,5%
47160940,31/03/2024,09/04/2024,DISCOUNTmyb,15%
13913909,26/04/2024,17/05/2024,DISCOUNTBjz,7%
14039497,14/03/2024,24/03/2024,DISCOUNTLwo,15%
95630231,29/03/2024,08/04/2024,DISCOUNTift,1%
70871858,27/04/2024,01/05/2024,DISCOUNTHFo,4%
46657626,16/04/2024,13/05/2024,DISCOUNTvaZ,9%
79647397,28/04/2024,15/05/2024,DISCOUNTQZG,9%
17314333,13/03/2024,08/04/2024,DISCOUNTODq,19%
41520808,11/04/2024,07/05/2024,DISCOUNTZkW,7%
73622059,30/04/2024,26/05/2024,DISCOUNTaVl,2%
37240575,25/03/2024,03/04/2024,DISCOUNTtJO,18%
49427508,08/03/2024,14/03/2024,DISCOUNTyFd,7%
93361547,02/04/2024,10/04/2024,DISCOUNTzgP,12%
41383479,15/03/2024,02/04/2024,DISCOUNTmQG,15%
34803215,21/04/2024,20/05/2024,DISCOUNTLEr,5%
78710119,04/04/2024,20/04/2024,DISCOUNTkmM,8%
99653804,05/05/2024,19/05/2024,DISCOUNTcQd,13%
57466902,05/04/2024,01/05/2024,DISCOUNTxWv,6%
30728384,30/03/2024,31/03/2024,DISCOUNTfEf,10%
00242425,28/03/2024,25/04/2024,DISCOUNTfKm,7%
17081270,05/04/2024,11/04/2024,DISCOUNTSSj,10%
36728436,16/04/2024,26/04/2024,DISCOUNTkBL,17%
99146681,10/03/2024,01/04/2024,DISCOUNTGsH,19%
23982182,22/03/2024,28/03/2024,DISCOUNTwre,12%
27126221,12/04/2024,02/05/2024,DISCOUNTOYn,14%
13860143,30/03/2024,03/04/2024,DISCOUNTqfY,17%
63879671,29/03/2024,01/04/2024,DISCOUNTaaC,6%
73159972,26/04/2024,29/04/2024,DISCOUNTBit,13%
64764990,18/04/2024,28/04/2024,DISCOUNTGCX,11%
27030247,13/03/2024,24/03/2024,DISCOUNTylx,12%
20813181,04/05/2024,18/05/2024,DISCOUNTtwp,16%
41636569,11/04/2024,02/05/2024,DISCOUNTeyc,19%
71755634,17/04/2024,24/04/2024,DISCOUNTTji,7%
81125135,07/04/2024,13/04/2024,DISCOUNTLDv,1%
60109203,15/03/2024,17/03/2024,DISCOUNTDSb,16%
61535937,25/03/2024,10/04/2024,DISCOUNTWEn,16%
68395053,08/04/2024,10/04/2024,DISCOUNTMga,19%
24332520,16/04/2024,28/04/2024,DISCOUNTwzK,13%
79380580,25/03/2024,29/03/2024,DISCOUNTdNQ,4%
89777701,03/04/2024,17/04/2024,DISCOUNTOil,8%
59049379,13/03/2024,28/03/2024,DISCOUNTmwA,3%
08229816,18/04/2024,25/04/2024,DISCOUNTSXu,6%
72424891,09/03/2024,20/03/2024,DISCOUNTDrC,1%
69367791,22/03/2024,09/04/2024,DISCOUNTpAj,7%
08249405,01/05/2024,03/05/2024,DISCOUNTgFR,9%
90080221,23/04/2024,07/05/2024,DISCOUNTKhy,7%
77830099,23/04/2024,02/05/2024,DISCOUNTuFe,18%
45170364,20/04/2024,10/05/2024,DISCOUNTpQA,5%
92020443,01/05/2024,09/05/2024,DISCOUNTDit,17%
47925182,22/03/2024,19/04/2024,DISCOUNTiOY,1%
94892762,03/04/2024,14/04/2024,DISCOUNTSzw,4%
52051282,04/05/2024,26/05/2024,DISCOUNTxpP,10%
20666956,22/04/2024,27/04/2024,DISCOUNTEVT,2%
85097160,14/03/2024,15/03/2024,DISCOUNTMOd,17%
67727010,15/03/2024,10/04/2024,DISCOUNTJjO,15%
50310884,18/03/2024,27/03/2024,DISCOUNTHEy,13%
49785520,04/04/2024,13/04/2024,DISCOUNTqEN,19%
22070246,03/04/2024,23/04/2024,DISCOUNToEP,7%
30266490,19/04/2024,01/05/2024,DISCOUNTqme,12%
20495390,02/04/2024,28/04/2024,DISCOUNTmeY,5%
23769027,16/04/2024,30/04/2024,DISCOUNTODI,15%
30866210,03/05/2024,29/05/2024,DISCOUNTSOW,1%
29539625,10/03/2024,22/03/2024,DISCOUNTbfx,15%
22600829,03/04/2024,07/04/2024,DISCOUNTMKZ,6%
94094678,20/03/2024,26/03/2024,DISCOUNTLMR,19%
21672757,26/04/2024,02/05/2024,DISCOUNTzZa,5%
50534461,03/05/2024,07/05/2024,DISCOUNTlzq,10%
73658015,30/04/2024,23/05/2024,DISCOUNTSHS,15%
45811514,11/03/2024,08/04/2024,DISCOUNTQDW,13%
73570970,14/03/2024,27/03/2024,DISCOUNTKpi,6%
55116207,15/04/2024,07/05/2024,DISCOUNTKTy,6%
93489317,11/03/2024,19/03/2024,DISCOUNTHyN,13%
23501236,15/03/2024,17/03/2024,DISCOUNTtYC,7%
47740360,02/04/2024,12/04/2024,DISCOUNTiIl,5%
20342382,11/04/2024,25/04/2024,DISCOUNTEhf,7%
65840899,23/04/2024,10/05/2024,DISCOUNTsuS,4%
48214350,01/05/2024,16/05/2024,DISCOUNTbHJ,10%
48434556,08/04/2024,17/04/2024,DISCOUNTRgl,19%
04431996,20/04/2024,27/04/2024,DISCOUNTpwi,17%
21303351,25/03/2024,29/03/2024,DISCOUNTtLS,10%
45351577,05/04/2024,03/05/2024,DISCOUNThCO,19%
87707448,27/03/2024,31/03/2024,DISCOUNTQzS,13%
44177623,07/04/2024,01/05/2024,DISCOUNTCCW,13%
92653097,07/03/2024,30/03/2024,DISCOUNTBUi,1%
70390061,23/03/2024,20/04/2024,DISCOUNThRE,8%
56877469,04/05/2024,12/05/2024,DISCOUNTIdZ,10%
92137200,09/04/2024,12/04/2024,DISCOUNTtAd,14%
58301739,27/04/2024,01/05/2024,DISCOUNTjVA,8%
63139475,23/03/2024,09/04/2024,DISCOUNTYgN,10%
99835041,03/04/2024,25/04/2024,DISCOUNTmxg,18%
83017539,31/03/2024,06/04/2024,DISCOUNTPuQ,6%
92795634,26/03/2024,03/04/2024,DISCOUNTRxz,14%
74191188,18/04/2024,27/04/2024,DISCOUNTsjy,8%
74981573,04/04/2024,25/04/2024,DISCOUNTWKO,6%
71113708,17/03/2024,12/04/2024,DISCOUNTpDb,1%
09791783,26/03/2024,28/03/2024,DISCOUNTYbm,6%
61342496,22/04/2024,16/05/2024,DISCOUNTJjr,3%
48232154,18/03/2024,19/03/2024,DISCOUNTcZu,5%
44939354,13/04/2024,04/05/2024,DISCOUNTqFC,3%
85736506,07/03/2024,11/03/2024,DISCOUNTMRl,10%
92684842,18/03/2024,27/03/2024,DISCOUNTqPY,6%
55006315,23/04/2024,21/05/2024,DISCOUNTgPC,4%
15247308,11/04/2024,05/05/2024,DISCOUNTvnp,5%
18680131,03/05/2024,09/05/2024,DISCOUNTTDn,3%
94305301,11/04/2024,20/04/2024,DISCOUNTIEk,6%
02301704,09/03/2024,10/03/2024,DISCOUNTlev,2%
52695962,17/03/2024,11/04/2024,DISCOUNTWvG,8%
27616792,24/03/2024,20/04/2024,DISCOUNTiyB,17%
19979239,13/03/2024,28/03/2024,DISCOUNTuEZ,3%
12861440,10/03/2024,05/04/2024,DISCOUNTolI,8%
85194979,03/05/2024,19/05/2024,DISCOUNTGGE,9%
57718840,13/03/2024,29/03/2024,DISCOUNTAcj,3%
72792359,26/04/2024,16/05/2024,DISCOUNTLen,7%
16338454,11/03/2024,18/03/2024,DISCOUNTUKI,17%
06154408,11/04/2024,04/05/2024,DISCOUNTrBD,2%
19875121,25/03/2024,16/04/2024,DISCOUNTmYO,1%
27965454,08/03/2024,25/03/2024,DISCOUNTTGU,18%
86560519,19/03/2024,14/04/2024,DISCOUNTjjJ,14%
83118697,02/04/2024,10/04/2024,DISCOUNTsIN,1%
08697969,10/04/2024,06/05/2024,DISCOUNTMET,2%
28179125,08/03/2024,25/03/2024,DISCOUNTkvg,1%
41902516,22/03/2024,13/04/2024,DISCOUNTujq,13%
97807984,23/04/2024,12/05/2024,DISCOUNTlYN,12%
11531302,16/03/2024,18/03/2024,DISCOUNTgEi,16%
41245440,31/03/2024,08/04/2024,DISCOUNTaPt,1%
39329030,05/05/2024,03/06/2024,DISCOUNTbUF,6%
52301076,21/03/2024,25/03/2024,DISCOUNTQAj,10%
87774087,23/03/2024,28/03/2024,DISCOUNTSnM,12%
17957458,08/03/2024,17/03/2024,DISCOUNTdpv,2%
05435229,28/04/2024,29/04/2024,DISCOUNTmyj,16%
90545172,16/04/2024,20/04/2024,DISCOUNTWLs,6%
95900869,08/03/2024,28/03/2024,DISCOUNTDlx,15%
59543376,24/03/2024,21/04/2024,DISCOUNTddP,5%
14123261,22/03/2024,30/03/2024,DISCOUNTWla,5%
95665201,30/03/2024,09/04/2024,DISCOUNTMhR,4%
49556330,23/04/2024,06/05/2024,DISCOUNTjDq,10%
83610949,06/04/2024,14/04/2024,DISCOUNTQKD,4%
08916006,29/04/2024,21/05/2024,DISCOUNTjDg,16%
00587512,01/05/2024,06/05/2024,DISCOUNTGBl,6%
68196675,30/04/2024,04/05/2024,DISCOUNTlIF,8%
33882781,05/05/2024,08/05/2024,DISCOUNTUpx,5%
06053664,07/03/2024,16/03/2024,DISCOUNTOAl,6%
09052294,27/04/2024,20/05/2024,DISCOUNTStK,4%
25033398,20/03/2024,18/04/2024,DISCOUNTpAR,16%
06977128,20/03/2024,26/03/2024,DISCOUNTdPi,3%
97988416,08/04/2024,09/04/2024,DISCOUNTRlI,19%
01266331,14/04/2024,04/05/2024,DISCOUNTxVc,15%
35679751,17/03/2024,02/04/2024,DISCOUNTxUA,3%
12342650,28/03/2024,31/03/2024,DISCOUNTIok,8%
95224912,04/04/2024,08/04/2024,DISCOUNTOXA,9%
61166637,11/04/2024,22/04/2024,DISCOUNTMMq,19%
64278456,19/03/2024,12/04/2024,DISCOUNTrvu,19%
66444446,16/04/2024,24/04/2024,DISCOUNTYHa,8%
98462593,02/05/2024,04/05/2024,DISCOUNTbCz,19%
44551075,16/04/2024,04/05/2024,DISCOUNTAAl,14%
85309076,22/04/2024,24/04/2024,DISCOUNTueY,5%
13906355,12/03/2024,13/03/2024,DISCOUNTTQQ,13%
09292005,03/05/2024,01/06/2024,DISCOUNTEXX,12%
43587600,14/04/2024,02/05/2024,DISCOUNTgCq,8%
06080048,10/04/2024,18/04/2024,DISCOUNTIUx,2%
77464626,03/05/2024,29/05/2024,DISCOUNTPbp,11%
54083572,22/03/2024,24/03/2024,DISCOUNTmGZ,17%
52559788,13/03/2024,25/03/2024,DISCOUNTsyB,17%
53470536,09/03/2024,16/03/2024,DISCOUNTzDz,3%
42893755,30/03/2024,11/04/2024,DISCOUNTuoV,16%
91616184,20/04/2024,08/05/2024,DISCOUNTHWr,2%
30409328,24/04/2024,23/05/2024,DISCOUNTELi,12%
82193306,02/04/2024,26/04/2024,DISCOUNTOlF,9%
65164250,29/04/2024,10/05/2024,DISCOUNTrdb,16%
50211043,30/04/2024,06/05/2024,DISCOUNTCaR,3%
11625855,23/03/2024,13/04/2024,DISCOUNTkWQ,5%
87666623,16/03/2024,11/04/2024,DISCOUNTaQo,3%
18553133,17/03/2024,28/03/2024,DISCOUNTGHE,5%
71518190,14/03/2024,06/04/2024,DISCOUNTvRT,9%
08318556,23/04/2024,01/05/2024,DISCOUNTNig,7%
63443149,12/03/2024,15/03/2024,DISCOUNTypq,13%
87850493,23/04/2024,15/05/2024,DISCOUNTiko,9%
66254762,18/04/2024,04/05/2024,DISCOUNTArt,12%
63563601,11/04/2024,10/05/2024,DISCOUNTEDM,2%
43331135,09/04/2024,19/04/2024,DISCOUNTrXO,9%
82382221,30/04/2024,22/05/2024,DISCOUNTYMB,15%
70607034,12/03/2024,28/03/2024,DISCOUNTJpk,13%
87284200,24/03/2024,13/04/2024,DISCOUNTpAo,4%
12935650,18/03/2024,27/03/2024,DISCOUNTGJX,1%
88196860,23/03/2024,15/04/2024,DISCOUNTukN,12%
36497143,24/03/2024,29/03/2024,DISCOUNTeAX,13%
89572339,30/04/2024,15/05/2024,DISCOUNTHYb,13%
27605922,22/04/2024,12/05/2024,DISCOUNTFeJ,7%
83004516,02/05/2024,03/05/2024,DISCOUNTrOL,19%
12722674,21/03/2024,03/04/2024,DISCOUNTlVn,18%
02598815,09/03/2024,30/03/2024,DISCOUNTCRZ,13%
05902958,18/04/2024,15/05/2024,DISCOUNTfSm,4%
41914676,29/03/2024,10/04/2024,DISCOUNTxLR,3%
31182694,03/05/2024,27/05/2024,DISCOUNTjop,9%
45699400,10/04/2024,29/04/2024,DISCOUNTQme,5%
84319754,16/03/2024,28/03/2024,DISCOUNTAhk,3%
53912914,25/04/2024,02/05/2024,DISCOUNTxfy,16%
23460963,06/04/2024,23/04/2024,DISCOUNTYzv,15%
36327718,29/04/2024,24/05/2024,DISCOUNTAMG,18%
09481763,05/05/2024,06/05/2024,DISCOUNTrvC,19%
36647629,29/03/2024,31/03/2024,DISCOUNTusU,14%
25874040,08/04/2024,30/04/2024,DISCOUNTKFr,14%
94688049,27/04/2024,20/05/2024,DISCOUNTwQW,7%
51022667,29/03/2024,30/03/2024,DISCOUNTgmO,17%
51114090,27/03/2024,07/04/2024,DISCOUNTTOz,17%
45558274,11/04/2024,08/05/2024,DISCOUNTHgD,14%
63294395,07/04/2024,08/04/2024,DISCOUNTztO,15%
12060622,12/04/2024,04/05/2024,DISCOUNTBlV,18%
77995953,26/03/2024,20/04/2024,DISCOUNTTDR,17%
87894671,11/03/2024,14/03/2024,DISCOUNTiiU,17%
54869127,26/04/2024,05/05/2024,DISCOUNTLGG,5%
43952975,18/04/2024,21/04/2024,DISCOUNTxDI,14%
61471938,02/04/2024,19/04/2024,DISCOUNTinc,16%
14734419,06/04/2024,23/04/2024,DISCOUNTkbL,8%
26917724,22/04/2024,15/05/2024,DISCOUNTEQx,8%
93517820,19/04/2024,26/04/2024,DISCOUNTrnB,19%
28426157,06/04/2024,09/04/2024,DISCOUNTmLi,13%
67380588,18/04/2024,15/05/2024,DISCOUNTBnq,2%
35818642,29/03/2024,19/04/2024,DISCOUNTeEh,3%
62123427,19/03/2024,21/03/2024,DISCOUNTiwS,9%
41873147,21/03/2024,02/04/2024,DISCOUNTTHC,8%
19785227,09/03/2024,13/03/2024,DISCOUNTQoL,15%
00770519,27/04/2024,18/05/2024,DISCOUNTAef,12%
58199597,02/05/2024,28/05/2024,DISCOUNTzEH,10%
93779018,25/04/2024,27/04/2024,DISCOUNTYNq,3%
39347409,25/04/2024,28/04/2024,DISCOUNTTar,6%
66481561,05/04/2024,16/04/2024,DISCOUNTELr,14%
99119624,03/05/2024,26/05/2024,DISCOUNTEFh,17%
91617754,03/05/2024,15/05/2024,DISCOUNTsCS,13%
40190242,13/03/2024,10/04/2024,DISCOUNTYwV,11%
22069511,19/03/2024,13/04/2024,DISCOUNTRGx,12%
31011814,02/04/2024,23/04/2024,DISCOUNTUbd,1%
40478592,28/04/2024,22/05/2024,DISCOUNTrBb,2%
49727271,11/04/2024,06/05/2024,DISCOUNTeOI,5%
85392587,20/04/2024,07/05/2024,DISCOUNTedM,17%
37375829,15/04/2024,10/05/2024,DISCOUNTadS,4%
09772506,16/04/2024,29/04/2024,DISCOUNToYg,5%
61448236,06/04/2024,03/05/2024,DISCOUNTjZx,8%
36434923,14/04/2024,16/04/2024,DISCOUNTiyn,18%
54997622,16/03/2024,22/03/2024,DISCOUNTxoM,16%
63818806,10/04/2024,25/04/2024,DISCOUNTCYu,12%
65609927,30/04/2024,20/05/2024,DISCOUNTgFo,3%
25743184,13/04/2024,07/05/2024,DISCOUNTXKS,7%
18782479,27/03/2024,29/03/2024,DISCOUNTdfm,1%
53344750,26/04/2024,08/05/2024,DISCOUNTEOP,6%
33851254,12/04/2024,09/05/2024,DISCOUNTXeE,2%
00247434,27/04/2024,17/05/2024,DISCOUNTyxc,9%
98389769,07/04/2024,17/04/2024,DISCOUNTaNW,3%
81434628,26/03/2024,10/04/2024,DISCOUNTghg,12%
65340832,03/05/2024,14/05/2024,DISCOUNTkiK,19%
41793701,07/03/2024,04/04/2024,DISCOUNTaNm,17%
81215605,18/04/2024,26/04/2024,DISCOUNTRhJ,6%
88476902,01/05/2024,13/05/2024,DISCOUNTppx,2%
24648552,22/04/2024,19/05/2024,DISCOUNTuYI,10%
90799745,30/03/2024,19/04/2024,DISCOUNTGln,15%
87764427,08/04/2024,12/04/2024,DISCOUNTVRB,19%
00018585,16/03/2024,24/03/2024,DISCOUNTRCL,6%
20048465,25/04/2024,11/05/2024,DISCOUNTWgj,5%
85753060,29/03/2024,01/04/2024,DISCOUNTTZb,6%
13158695,31/03/2024,10/04/2024,DISCOUNTyCD,12%
99358809,20/03/2024,12/04/2024,DISCOUNTkkv,14%
30867793,30/04/2024,27/05/2024,DISCOUNTTzt,8%
85534430,30/03/2024,11/04/2024,DISCOUNTjEs,6%
67820079,15/03/2024,12/04/2024,DISCOUNTcdv,1%
48134239,01/04/2024,12/04/2024,DISCOUNTuLi,18%
87777017,22/03/2024,10/04/2024,DISCOUNTpsc,1%
84575563,24/04/2024,14/05/2024,DISCOUNTIfE,8%
92985896,02/04/2024,22/04/2024,DISCOUNTzTv,17%
32847408,01/05/2024,19/05/2024,DISCOUNTTPS,15%
48743813,12/04/2024,16/04/2024,DISCOUNTBHb,16%
22685861,31/03/2024,09/04/2024,DISCOUNTPMZ,3%
54156791,22/03/2024,31/03/2024,DISCOUNTavi,1%
16466942,16/04/2024,13/05/2024,DISCOUNTEhF,4%
21234692,02/05/2024,22/05/2024,DISCOUNThju,14%
71643102,16/04/2024,15/05/2024,DISCOUNTdMF,6%
47292149,20/04/2024,22/04/2024,DISCOUNTcbx,18%
84019318,01/05/2024,24/05/2024,DISCOUNTRLl,12%
95445562,22/04/2024,18/05/2024,DISCOUNTCGV,4%
50045490,22/03/2024,03/04/2024,DISCOUNTWgV,6%
41485078,08/03/2024,12/03/2024,DISCOUNTBXf,3%
63020718,22/03/2024,07/04/2024,DISCOUNTkId,10%
06359670,14/04/2024,25/04/2024,DISCOUNTkLI,1%
00593333,20/04/2024,21/04/2024,DISCOUNTUca,3%
74564309,25/03/2024,21/04/2024,DISCOUNTKqX,9%
54972327,05/04/2024,18/04/2024,DISCOUNTbZD,5%
71831234,06/04/2024,02/05/2024,DISCOUNTWob,19%
41485112,14/04/2024,10/05/2024,DISCOUNTNbZ,18%
14648420,09/04/2024,15/04/2024,DISCOUNTOje,10%
37669116,06/04/2024,15/04/2024,DISCOUNThCF,1%
13588888,23/03/2024,15/04/2024,DISCOUNTYVr,3%
29551520,23/03/2024,14/04/2024,DISCOUNTfLR,19%
51198719,16/04/2024,07/05/2024,DISCOUNTyRE,9%
18820294,03/05/2024,04/05/2024,DISCOUNTwqA,14%
59145698,01/04/2024,19/04/2024,DISCOUNTcCZ,11%
76005081,30/04/2024,11/05/2024,DISCOUNTCCw,3%
59830481,26/04/2024,30/04/2024,DISCOUNTCWS,18%
67577979,10/03/2024,17/03/2024,DISCOUNTYWV,13%
09094396,13/03/2024,09/04/2024,DISCOUNTjqa,19%
29995120,28/03/2024,26/04/2024,DISCOUNTZVW,12%
29311588,11/03/2024,09/04/2024,DISCOUNTifZ,12%
86305100,29/03/2024,24/04/2024,DISCOUNTQjC,9%
63171672,10/04/2024,01/05/2024,DISCOUNTlFN,17%
34080162,15/03/2024,08/04/2024,DISCOUNTsaL,16%
61255080,10/04/2024,08/05/2024,DISCOUNTWgL,19%
53199231,07/03/2024,30/03/2024,DISCOUNTOis,18%
12313383,29/04/2024,13/05/2024,DISCOUNTUfY,3%
40690713,20/04/2024,08/05/2024,DISCOUNTPRx,5%
07887871,12/04/2024,17/04/2024,DISCOUNTpaL,6%
56526944,19/03/2024,15/04/2024,DISCOUNThhc,9%
55642296,05/04/2024,24/04/2024,DISCOUNTotp,4%
48315074,19/04/2024,26/04/2024,DISCOUNTOSK,3%
19115067,03/04/2024,02/05/2024,DISCOUNTXli,14%
51335462,22/04/2024,07/05/2024,DISCOUNTMfF,8%
87278656,05/04/2024,07/04/2024,DISCOUNTvzp,19%
28584194,31/03/2024,13/04/2024,DISCOUNTSES,11%
76303547,15/04/2024,21/04/2024,DISCOUNTkeP,16%
30313224,19/03/2024,22/03/2024,DISCOUNTlUj,12%
20876372,14/04/2024,04/05/2024,DISCOUNTKun,3%
77409702,11/04/2024,12/04/2024,DISCOUNTlHo,14%
83955016,01/04/2024,10/04/2024,DISCOUNTvjL,3%
72385152,12/03/2024,08/04/2024,DISCOUNTPdn,12%
37998804,04/04/2024,05/04/2024,DISCOUNTCpZ,14%
88032177,09/03/2024,16/03/2024,DISCOUNTemI,18%
10573090,09/04/2024,28/04/2024,DISCOUNTAEw,12%
82086925,14/03/2024,04/04/2024,DISCOUNTXix,10%
61772895,06/04/2024,15/04/2024,DISCOUNTGFu,6%
73445775,19/03/2024,08/04/2024,DISCOUNTiYV,10%
48362813,05/04/2024,04/05/2024,DISCOUNToXz,4%
26279189,10/04/2024,16/04/2024,DISCOUNTsti,6%
28358263,23/03/2024,26/03/2024,DISCOUNTlEE,5%
52337753,17/03/2024,11/04/2024,DISCOUNTKWV,13%
14784867,14/03/2024,11/04/2024,DISCOUNTWMz,1%
49249331,26/04/2024,09/05/2024,DISCOUNTTnC,11%
84947509,11/04/2024,14/04/2024,DISCOUNTcJR,18%
78144697,02/04/2024,23/04/2024,DISCOUNTkqD,1%
88980573,03/04/2024,02/05/2024,DISCOUNTxYt,12%
48729962,13/04/2024,29/04/2024,DISCOUNTMVT,11%
80219422,02/05/2024,26/05/2024,DISCOUNTznF,3%
72323212,22/04/2024,10/05/2024,DISCOUNTAIS,13%
46703440,17/03/2024,14/04/2024,DISCOUNTuUz,11%
33977550,17/03/2024,01/04/2024,DISCOUNTlup,4%
16987772,09/03/2024,14/03/2024,DISCOUNToIk,12%
15643331,24/03/2024,11/04/2024,DISCOUNTPMG,17%
12459428,18/03/2024,29/03/2024,DISCOUNTunj,16%
46919296,29/03/2024,14/04/2024,DISCOUNTSlU,16%
70676586,23/03/2024,14/04/2024,DISCOUNTOlw,6%
08670063,09/04/2024,07/05/2024,DISCOUNTYCb,6%
91423338,22/03/2024,23/03/2024,DISCOUNTkQK,7%
21802086,07/03/2024,05/04/2024,DISCOUNThOo,15%
25560868,26/04/2024,18/05/2024,DISCOUNTTHp,7%
80055949,13/04/2024,07/05/2024,DISCOUNTaUS,1%
19408229,03/04/2024,28/04/2024,DISCOUNTIFa,17%
59995417,20/04/2024,09/05/2024,DISCOUNTefa,4%
38096241,11/04/2024,16/04/2024,DISCOUNTKac,19%
98145115,19/04/2024,06/05/2024,DISCOUNTQQQ,11%
85706383,21/03/2024,26/03/2024,DISCOUNTjYn,13%
43203558,09/03/2024,04/04/2024,DISCOUNTgkj,18%
66238177,01/04/2024,20/04/2024,DISCOUNTBmg,13%
27145756,27/03/2024,31/03/2024,DISCOUNTIYl,8%
18102057,01/04/2024,25/04/2024,DISCOUNTuzu,3%
00094130,10/03/2024,04/04/2024,DISCOUNTkPM,3%
56084430,30/04/2024,20/05/2024,DISCOUNTRHv,1%
80854384,12/03/2024,25/03/2024,DISCOUNTroh,10%
32096065,30/04/2024,29/05/2024,DISCOUNTvVt,6%
25490409,29/03/2024,06/04/2024,DISCOUNTRth,10%
57632349,24/04/2024,05/05/2024,DISCOUNTqJE,5%
16437569,08/04/2024,24/04/2024,DISCOUNTXHS,8%
01400760,03/04/2024,27/04/2024,DISCOUNTTTs,6%
64563304,21/03/2024,08/04/2024,DISCOUNTeao,18%
65390228,11/03/2024,28/03/2024,DISCOUNTiHs,8%
40608554,13/03/2024,07/04/2024,DISCOUNTlaA,9%
29330430,22/03/2024,12/04/2024,DISCOUNTmZG,1%
70441306,12/04/2024,27/04/2024,DISCOUNTPio,12%
24478344,03/04/2024,30/04/2024,DISCOUNTJLX,11%
86099743,08/03/2024,24/03/2024,DISCOUNTTvR,16%
37123145,17/04/2024,26/04/2024,DISCOUNTlcg,10%
92520948,11/04/2024,21/04/2024,DISCOUNTWCN,13%
91604343,15/03/2024,30/03/2024,DISCOUNTDDd,16%
86609430,23/04/2024,13/05/2024,DISCOUNTazu,13%
14690858,19/03/2024,20/03/2024,DISCOUNTdfA,14%
51960537,21/03/2024,03/04/2024,DISCOUNTkun,6%
17742837,09/04/2024,06/05/2024,DISCOUNTAyq,19%
98558180,10/04/2024,09/05/2024,DISCOUNTOyO,19%
05206650,19/03/2024,25/03/2024,DISCOUNTzCT,10%
46487547,06/04/2024,27/04/2024,DISCOUNTYBB,1%
24682999,11/04/2024,23/04/2024,DISCOUNTvGt,18%
72152728,11/04/2024,03/05/2024,DISCOUNTyTV,5%
21321670,19/03/2024,09/04/2024,DISCOUNTyOf,15%
38414699,08/04/2024,09/04/2024,DISCOUNTabO,1%
32282457,17/03/2024,13/04/2024,DISCOUNTKiG,17%
97755976,19/03/2024,16/04/2024,DISCOUNToqg,7%
60548958,31/03/2024,25/04/2024,DISCOUNTKzj,17%
75310768,26/03/2024,11/04/2024,DISCOUNTYhe,3%
90921560,05/05/2024,23/05/2024,DISCOUNTQUO,17%
88610501,06/04/2024,08/04/2024,DISCOUNTZnk,7%
20990644,09/03/2024,22/03/2024,DISCOUNTByO,18%
94847466,10/03/2024,27/03/2024,DISCOUNTMRY,3%
05608886,26/04/2024,23/05/2024,DISCOUNTXmG,1%
56942770,27/04/2024,16/05/2024,DISCOUNTxbD,19%
16701262,01/05/2024,26/05/2024,DISCOUNTRGP,5%
51276454,05/04/2024,01/05/2024,DISCOUNTWrE,9%
44014729,08/04/2024,12/04/2024,DISCOUNTGzy,2%
45604277,24/03/2024,04/04/2024,DISCOUNTASU,17%
66861057,23/04/2024,10/05/2024,DISCOUNTUky,4%
26664926,26/04/2024,25/05/2024,DISCOUNTHtX,15%
49571118,30/04/2024,24/05/2024,DISCOUNTFWF,6%
96299591,25/03/2024,13/04/2024,DISCOUNTIgK,7%
90030611,22/04/2024,18/05/2024,DISCOUNTbAW,9%
88900722,19/04/2024,04/05/2024,DISCOUNTfpR,11%
13633123,25/04/2024,28/04/2024,DISCOUNTCry,16%
03816005,19/03/2024,29/03/2024,DISCOUNTLic,6%
95430601,06/04/2024,18/04/2024,DISCOUNTUQi,5%
32305337,16/04/2024,08/05/2024,DISCOUNTVXv,13%
94083275,03/04/2024,11/04/2024,DISCOUNTfxE,13%
51047501,12/04/2024,29/04/2024,DISCOUNTOfy,10%
77269824,20/04/2024,21/04/2024,DISCOUNTAdh,13%
62011213,03/04/2024,26/04/2024,DISCOUNTCEM,5%
70453962,20/03/2024,23/03/2024,DISCOUNTkPx,18%
92196393,05/05/2024,13/05/2024,DISCOUNTtET,3%
07395756,01/05/2024,08/05/2024,DISCOUNTrij,14%
23158287,18/03/2024,28/03/2024,DISCOUNTTLp,2%
44005427,07/03/2024,02/04/2024,DISCOUNTryg,17%
05288226,27/04/2024,23/05/2024,DISCOUNTWKX,12%
49508736,22/03/2024,12/04/2024,DISCOUNTjSE,9%
21349748,14/04/2024,25/04/2024,DISCOUNTOCU,14%
19233047,07/03/2024,12/03/2024,DISCOUNTXct,12%
41138941,18/03/2024,14/04/2024,DISCOUNTEdI,10%
00683854,12/04/2024,07/05/2024,DISCOUNTBkg,17%
36460170,14/04/2024,04/05/2024,DISCOUNTsAe,19%
92354849,03/04/2024,24/04/2024,DISCOUNTMIM,5%
02613921,22/03/2024,05/04/2024,DISCOUNTqUM,17%
65308095,08/04/2024,13/04/2024,DISCOUNTBcn,4%
28840485,20/03/2024,15/04/2024,DISCOUNTTvQ,8%
35821886,03/04/2024,18/04/2024,DISCOUNTSXj,13%
86225877,19/04/2024,07/05/2024,DISCOUNTaDZ,3%
98901610,28/04/2024,27/05/2024,DISCOUNTYae,8%
24445569,16/03/2024,29/03/2024,DISCOUNTBHL,3%
23842447,19/03/2024,12/04/2024,DISCOUNTJGa,10%
86148028,01/04/2024,30/04/2024,DISCOUNTZqn,9%
45265366,09/04/2024,12/04/2024,DISCOUNTcQK,15%
85064615,05/05/2024,06/05/2024,DISCOUNTcKT,5%
48066055,19/04/2024,08/05/2024,DISCOUNTkqC,2%
27671100,08/03/2024,15/03/2024,DISCOUNTZLS,6%
51760547,19/04/2024,17/05/2024,DISCOUNTcFI,19%
30287547,18/03/2024,21/03/2024,DISCOUNThEz,14%
32271900,24/04/2024,05/05/2024,DISCOUNTaKG,17%
98726371,10/03/2024,23/03/2024,DISCOUNTCGb,6%
01032703,25/04/2024,26/04/2024,DISCOUNTxgl,13%
01420828,09/03/2024,29/03/2024,DISCOUNTOse,3%
36629043,12/04/2024,01/05/2024,DISCOUNTApm,9%
71151386,12/03/2024,03/04/2024,DISCOUNTFCC,17%
21959149,27/03/2024,01/04/2024,DISCOUNTRxY,18%
36815933,11/03/2024,31/03/2024,DISCOUNTTOL,10%
02194942,24/03/2024,21/04/2024,DISCOUNTmmn,15%
01789644,26/03/2024,27/03/2024,DISCOUNTbsL,7%
63592519,04/05/2024,18/05/2024,DISCOUNTdUc,7%
26848772,13/03/2024,25/03/2024,DISCOUNTFDH,17%
98261797,19/04/2024,04/05/2024,DISCOUNTIlR,7%
00540870,19/04/2024,07/05/2024,DISCOUNTGGZ,10%
50990796,07/03/2024,31/03/2024,DISCOUNTScl,19%
07354548,07/04/2024,16/04/2024,DISCOUNTTec,10%
28517485,23/03/2024,18/04/2024,DISCOUNTLRx,15%
63995410,27/03/2024,02/04/2024,DISCOUNThJJ,15%
93741797,07/04/2024,09/04/2024,DISCOUNTAxJ,11%
58781650,28/04/2024,21/05/2024,DISCOUNTCRb,9%
18158233,19/03/2024,04/04/2024,DISCOUNTqam,5%
64048110,30/03/2024,03/04/2024,DISCOUNTsxn,17%
02877204,05/04/2024,12/04/2024,DISCOUNTnoa,14%
43231644,09/03/2024,20/03/2024,DISCOUNTGTt,5%
41965495,31/03/2024,15/04/2024,DISCOUNTbXm,10%
80034208,09/04/2024,03/05/2024,DISCOUNTgDx,1%
99148661,14/04/2024,11/05/2024,DISCOUNTtoE,8%
57206855,19/03/2024,30/03/2024,DISCOUNTuNr,14%
78614636,24/04/2024,14/05/2024,DISCOUNTMTh,10%
26930225,07/04/2024,28/04/2024,DISCOUNTnvE,13%
37948508,06/04/2024,14/04/2024,DISCOUNTKdj,11%
31616049,11/03/2024,04/04/2024,DISCOUNTuUX,5%
85131754,23/04/2024,16/05/2024,DISCOUNTDoB,14%
26132068,09/04/2024,27/04/2024,DISCOUNTxMT,14%
51308710,13/03/2024,02/04/2024,DISCOUNTPId,4%
36033855,16/04/2024,08/05/2024,DISCOUNToFE,6%
37844742,23/03/2024,31/03/2024,DISCOUNTjfn,16%
76322717,25/04/2024,05/05/2024,DISCOUNThkY,19%
37649252,18/03/2024,31/03/2024,DISCOUNTpxO,6%
24586230,11/04/2024,08/05/2024,DISCOUNTLiP,18%
39038392,21/03/2024,18/04/2024,DISCOUNTCoo,2%
17397574,21/03/2024,16/04/2024,DISCOUNTZcK,14%
61701133,30/04/2024,17/05/2024,DISCOUNTqjF,16%
10186067,27/03/2024,08/04/2024,DISCOUNTifi,4%
88044262,24/04/2024,04/05/2024,DISCOUNTGtv,8%
73735895,03/05/2024,29/05/2024,DISCOUNTFVw,17%
37236927,07/03/2024,31/03/2024,DISCOUNTrlz,5%
29454704,16/04/2024,13/05/2024,DISCOUNTkCC,4%
55700656,19/03/2024,17/04/2024,DISCOUNTnpN,4%
48758696,10/04/2024,19/04/2024,DISCOUNTWTU,17%
18362453,17/04/2024,04/05/2024,DISCOUNTpiT,17%
40845040,10/04/2024,01/05/2024,DISCOUNTJvO,10%
67860888,20/04/2024,19/05/2024,DISCOUNTjlD,8%
22313184,27/04/2024,08/05/2024,DISCOUNTBTy,1%
25679278,01/05/2024,08/05/2024,DISCOUNTodq,1%
90290178,01/04/2024,27/04/2024,DISCOUNTFUs,12%
44500927,02/05/2024,20/05/2024,DISCOUNTqwS,16%
30768444,20/03/2024,16/04/2024,DISCOUNTpuY,14%
64740113,09/03/2024,23/03/2024,DISCOUNTyCD,12%
74187815,03/05/2024,31/05/2024,DISCOUNTBoE,14%
11402260,26/04/2024,24/05/2024,DISCOUNTLYc,14%
61557855,18/04/2024,15/05/2024,DISCOUNTRmg,8%
38981828,27/04/2024,16/05/2024,DISCOUNTwGP,8%
12321483,21/03/2024,06/04/2024,DISCOUNTUPD,15%
53003103,21/04/2024,28/04/2024,DISCOUNTqFm,19%
71949201,29/03/2024,03/04/2024,DISCOUNTEwS,17%
36688848,21/04/2024,14/05/2024,DISCOUNTcwI,10%
64346583,05/04/2024,17/04/2024,DISCOUNTlKk,18%
78005154,08/04/2024,28/04/2024,DISCOUNTywT,4%
97671781,28/03/2024,05/04/2024,DISCOUNTryF,10%
41101361,11/03/2024,09/04/2024,DISCOUNTMvo,8%
73774833,07/03/2024,25/03/2024,DISCOUNTlZm,18%
84972948,05/05/2024,26/05/2024,DISCOUNTbGv,16%